id,customer_code,display_name,region,segment,created_at
1,CUST-0001,Aurora Trading 001,West,enterprise,2023-07-20T00:00:00Z
2,CUST-0002,Summit Works 002,East,mid_market,2023-08-07T00:00:00Z
3,CUST-0003,Harbor Retail 003,Central,small_business,2023-08-23T00:00:00Z
4,CUST-0004,Pioneer Systems 004,South,enterprise,2023-01-31T00:00:00Z
5,CUST-0005,Cedar Logistics 005,North,mid_market,2023-12-01T00:00:00Z
6,CUST-0006,Atlas Services 006,West,small_business,2023-10-31T00:00:00Z
7,CUST-0007,Vertex Trading 007,East,enterprise,2022-02-19T00:00:00Z
8,CUST-0008,Mosaic Works 008,Central,mid_market,2022-02-18T00:00:00Z
9,CUST-0009,Aurora Retail 009,South,small_business,2022-09-10T00:00:00Z
10,CUST-0010,Summit Systems 010,North,enterprise,2023-12-03T00:00:00Z
11,CUST-0011,Harbor Logistics 011,West,mid_market,2023-05-26T00:00:00Z
12,CUST-0012,Pioneer Services 012,East,small_business,2023-10-19T00:00:00Z
13,CUST-0013,Cedar Trading 013,Central,enterprise,2022-05-04T00:00:00Z
14,CUST-0014,Atlas Works 014,South,mid_market,2023-06-01T00:00:00Z
15,CUST-0015,Vertex Retail 015,North,small_business,2023-06-13T00:00:00Z
16,CUST-0016,Mosaic Systems 016,West,enterprise,2023-02-01T00:00:00Z
17,CUST-0017,Aurora Logistics 017,East,,2023-09-07T00:00:00Z
18,CUST-0018,Summit Services 018,Central,small_business,2022-01-06T00:00:00Z
19,CUST-0019,Harbor Trading 019,South,enterprise,2023-05-12T00:00:00Z
20,CUST-0020,Pioneer Works 020,North,mid_market,2023-03-13T00:00:00Z
21,CUST-0021,Cedar Retail 021,West,small_business,2023-08-28T00:00:00Z
22,CUST-0022,Atlas Systems 022,East,enterprise,2023-02-01T00:00:00Z
23,CUST-0023,Vertex Logistics 023,Central,mid_market,2023-05-07T00:00:00Z
24,CUST-0024,Mosaic Services 024,South,small_business,2023-09-01T00:00:00Z
25,CUST-0025,Aurora Trading 025,North,enterprise,2022-10-21T00:00:00Z
26,CUST-0026,Summit Works 026,West,mid_market,2023-05-07T00:00:00Z
27,CUST-0027,Harbor Retail 027,East,small_business,2023-09-15T00:00:00Z
28,CUST-0028,Pioneer Systems 028,Central,enterprise,2022-03-18T00:00:00Z
29,CUST-0029,Cedar Logistics 029,South,mid_market,2022-11-29T00:00:00Z
30,CUST-0030,Atlas Services 030,North,small_business,2023-04-19T00:00:00Z
31,CUST-0031,Vertex Trading 031,West,enterprise,2023-06-20T00:00:00Z
32,CUST-0032,Mosaic Works 032,East,mid_market,2022-04-04T00:00:00Z
33,CUST-0033,Aurora Retail 033,Central,small_business,2022-08-16T00:00:00Z
34,CUST-0034,Summit Systems 034,South,,2023-05-10T00:00:00Z
35,CUST-0035,Harbor Logistics 035,North,mid_market,2022-01-10T00:00:00Z
36,CUST-0036,Pioneer Services 036,West,small_business,2023-08-08T00:00:00Z
37,CUST-0037,Cedar Trading 037,East,enterprise,2022-04-18T00:00:00Z
38,CUST-0038,Atlas Works 038,Central,mid_market,2023-11-27T00:00:00Z
39,CUST-0039,Vertex Retail 039,South,small_business,2022-12-10T00:00:00Z
40,CUST-0040,Mosaic Systems 040,North,enterprise,2022-06-24T00:00:00Z
41,CUST-0041,Aurora Logistics 041,West,mid_market,2022-04-20T00:00:00Z
42,CUST-0042,Summit Services 042,East,small_business,2023-05-03T00:00:00Z
43,CUST-0043,Harbor Trading 043,Central,enterprise,2023-09-01T00:00:00Z
44,CUST-0044,Pioneer Works 044,South,mid_market,2022-11-01T00:00:00Z
45,CUST-0045,Cedar Retail 045,North,small_business,2023-11-01T00:00:00Z
46,CUST-0046,Atlas Systems 046,West,enterprise,2023-01-12T00:00:00Z
47,CUST-0047,Vertex Logistics 047,East,mid_market,2022-08-01T00:00:00Z
48,CUST-0048,Mosaic Services 048,Central,small_business,2023-12-15T00:00:00Z
49,CUST-0049,Aurora Trading 049,South,enterprise,2022-11-08T00:00:00Z
50,CUST-0050,Summit Works 050,North,mid_market,2023-10-06T00:00:00Z
51,CUST-0051,Harbor Retail 051,West,,2023-01-16T00:00:00Z
52,CUST-0052,Pioneer Systems 052,East,enterprise,2022-05-21T00:00:00Z
53,CUST-0053,Cedar Logistics 053,Central,mid_market,2023-10-04T00:00:00Z
54,CUST-0054,Atlas Services 054,South,small_business,2022-11-02T00:00:00Z
55,CUST-0055,Vertex Trading 055,North,enterprise,2022-01-10T00:00:00Z
56,CUST-0056,Mosaic Works 056,West,mid_market,2022-12-16T00:00:00Z
57,CUST-0057,Aurora Retail 057,East,small_business,2022-07-11T00:00:00Z
58,CUST-0058,Summit Systems 058,Central,enterprise,2023-04-08T00:00:00Z
59,CUST-0059,Harbor Logistics 059,South,mid_market,2022-08-23T00:00:00Z
60,CUST-0060,Pioneer Services 060,North,small_business,2022-05-29T00:00:00Z
61,CUST-0061,Cedar Trading 061,West,enterprise,2023-11-22T00:00:00Z
62,CUST-0062,Atlas Works 062,East,mid_market,2023-12-16T00:00:00Z
63,CUST-0063,Vertex Retail 063,Central,small_business,2022-11-22T00:00:00Z
64,CUST-0064,Mosaic Systems 064,South,enterprise,2022-05-06T00:00:00Z
65,CUST-0065,Aurora Logistics 065,North,mid_market,2022-01-13T00:00:00Z
66,CUST-0066,Summit Services 066,West,small_business,2022-07-30T00:00:00Z
67,CUST-0067,Harbor Trading 067,East,enterprise,2023-04-28T00:00:00Z
68,CUST-0068,Pioneer Works 068,Central,,2023-10-25T00:00:00Z
69,CUST-0069,Cedar Retail 069,South,small_business,2022-12-12T00:00:00Z
70,CUST-0070,Atlas Systems 070,North,enterprise,2023-03-13T00:00:00Z
71,CUST-0071,Vertex Logistics 071,West,mid_market,2023-10-20T00:00:00Z
72,CUST-0072,Mosaic Services 072,East,small_business,2022-01-22T00:00:00Z
73,CUST-0073,Aurora Trading 073,Central,enterprise,2023-06-13T00:00:00Z
74,CUST-0074,Summit Works 074,South,mid_market,2022-12-15T00:00:00Z
75,CUST-0075,Harbor Retail 075,North,small_business,2023-01-09T00:00:00Z
76,CUST-0076,Pioneer Systems 076,West,enterprise,2022-02-27T00:00:00Z
77,CUST-0077,Cedar Logistics 077,East,mid_market,2022-04-09T00:00:00Z
78,CUST-0078,Atlas Services 078,Central,small_business,2023-05-24T00:00:00Z
79,CUST-0079,Vertex Trading 079,South,enterprise,2023-06-15T00:00:00Z
80,CUST-0080,Mosaic Works 080,North,mid_market,2022-10-07T00:00:00Z
81,CUST-0081,Aurora Retail 081,West,small_business,2022-06-15T00:00:00Z
82,CUST-0082,Summit Systems 082,East,enterprise,2023-08-08T00:00:00Z
83,CUST-0083,Harbor Logistics 083,Central,mid_market,2023-04-01T00:00:00Z
84,CUST-0084,Pioneer Services 084,South,small_business,2022-06-27T00:00:00Z
85,CUST-0085,Cedar Trading 085,North,,2023-04-03T00:00:00Z
86,CUST-0086,Atlas Works 086,West,mid_market,2022-03-08T00:00:00Z
87,CUST-0087,Vertex Retail 087,East,small_business,2023-09-23T00:00:00Z
88,CUST-0088,Mosaic Systems 088,Central,enterprise,2022-01-29T00:00:00Z
89,CUST-0089,Aurora Logistics 089,South,mid_market,2023-03-16T00:00:00Z
90,CUST-0090,Summit Services 090,North,small_business,2023-04-15T00:00:00Z
91,CUST-0091,Harbor Trading 091,West,enterprise,2022-06-09T00:00:00Z
92,CUST-0092,Pioneer Works 092,East,mid_market,2022-07-05T00:00:00Z
93,CUST-0093,Cedar Retail 093,Central,small_business,2022-12-27T00:00:00Z
94,CUST-0094,Atlas Systems 094,South,enterprise,2023-12-18T00:00:00Z
95,CUST-0095,Vertex Logistics 095,North,mid_market,2022-12-18T00:00:00Z
96,CUST-0096,Mosaic Services 096,West,small_business,2022-12-16T00:00:00Z
97,CUST-0097,Aurora Trading 097,East,enterprise,2023-07-05T00:00:00Z
98,CUST-0098,Summit Works 098,Central,mid_market,2022-03-16T00:00:00Z
99,CUST-0099,Harbor Retail 099,South,small_business,2023-11-25T00:00:00Z
100,CUST-0100,Pioneer Systems 100,North,enterprise,2022-03-29T00:00:00Z
