id,order_no,customer_id,ordered_at,status,currency
1,SO-2024-000001,1,2024-01-01T19:33:00Z,confirmed,CNY
2,SO-2024-000002,2,2024-01-01T09:42:00Z,confirmed,CNY
3,SO-2024-000003,3,2024-01-02T13:40:00Z,pending,CNY
4,SO-2024-000004,4,2024-01-03T17:47:00Z,confirmed,CNY
5,SO-2024-000005,5,2024-01-03T14:51:00Z,confirmed,CNY
6,SO-2024-000006,6,2024-01-04T19:41:00Z,confirmed,CNY
7,SO-2024-000007,7,2024-01-05T08:47:00Z,refunded,CNY
8,SO-2024-000008,8,2024-01-06T11:13:00Z,refunded,CNY
9,SO-2024-000009,9,2024-01-06T13:59:00Z,refunded,CNY
10,SO-2024-000010,10,2024-01-07T10:19:00Z,cancelled,CNY
11,SO-2024-000011,11,2024-01-08T16:13:00Z,confirmed,CNY
12,SO-2024-000012,12,2024-01-09T11:27:00Z,confirmed,CNY
13,SO-2024-000013,13,2024-01-09T12:47:00Z,confirmed,CNY
14,SO-2024-000014,14,2024-01-10T10:47:00Z,refunded,CNY
15,SO-2024-000015,15,2024-01-11T11:37:00Z,refunded,CNY
16,SO-2024-000016,16,2024-01-11T08:14:00Z,confirmed,CNY
17,SO-2024-000017,17,2024-01-12T17:14:00Z,confirmed,CNY
18,SO-2024-000018,18,2024-01-13T15:04:00Z,confirmed,CNY
19,SO-2024-000019,19,2024-01-14T13:20:00Z,cancelled,CNY
20,SO-2024-000020,20,2024-01-14T08:19:00Z,cancelled,CNY
21,SO-2024-000021,21,2024-01-15T15:13:00Z,confirmed,CNY
22,SO-2024-000022,22,2024-01-16T16:14:00Z,pending,CNY
23,SO-2024-000023,23,2024-01-17T17:33:00Z,confirmed,CNY
24,SO-2024-000024,24,2024-01-17T08:58:00Z,pending,CNY
25,SO-2024-000025,25,2024-01-18T08:21:00Z,confirmed,CNY
26,SO-2024-000026,26,2024-01-19T09:04:00Z,refunded,CNY
27,SO-2024-000027,27,2024-01-19T09:29:00Z,refunded,CNY
28,SO-2024-000028,28,2024-01-20T14:31:00Z,cancelled,CNY
29,SO-2024-000029,29,2024-01-21T18:52:00Z,confirmed,CNY
30,SO-2024-000030,30,2024-01-22T17:51:00Z,refunded,CNY
31,SO-2024-000031,31,2024-01-22T12:28:00Z,confirmed,CNY
32,SO-2024-000032,32,2024-01-23T13:21:00Z,confirmed,CNY
33,SO-2024-000033,33,2024-01-24T19:58:00Z,confirmed,CNY
34,SO-2024-000034,34,2024-01-25T18:06:00Z,refunded,CNY
35,SO-2024-000035,35,2024-01-25T17:09:00Z,confirmed,CNY
36,SO-2024-000036,36,2024-01-26T19:24:00Z,pending,CNY
37,SO-2024-000037,37,2024-01-27T15:53:00Z,confirmed,CNY
38,SO-2024-000038,38,2024-01-28T16:53:00Z,confirmed,CNY
39,SO-2024-000039,39,2024-01-28T17:58:00Z,confirmed,CNY
40,SO-2024-000040,40,2024-01-29T09:36:00Z,confirmed,CNY
41,SO-2024-000041,41,2024-01-30T08:27:00Z,confirmed,CNY
42,SO-2024-000042,42,2024-01-30T16:15:00Z,cancelled,CNY
43,SO-2024-000043,43,2024-01-31T18:01:00Z,confirmed,CNY
44,SO-2024-000044,44,2024-02-01T12:25:00Z,refunded,CNY
45,SO-2024-000045,45,2024-02-02T09:39:00Z,confirmed,CNY
46,SO-2024-000046,46,2024-02-02T10:45:00Z,confirmed,CNY
47,SO-2024-000047,47,2024-02-03T14:17:00Z,confirmed,CNY
48,SO-2024-000048,48,2024-02-04T14:11:00Z,confirmed,CNY
49,SO-2024-000049,49,2024-02-05T13:19:00Z,confirmed,CNY
50,SO-2024-000050,50,2024-02-05T15:09:00Z,pending,CNY
51,SO-2024-000051,51,2024-02-06T15:44:00Z,confirmed,CNY
52,SO-2024-000052,52,2024-02-07T17:00:00Z,confirmed,CNY
53,SO-2024-000053,53,2024-02-07T08:48:00Z,confirmed,CNY
54,SO-2024-000054,54,2024-02-08T16:40:00Z,confirmed,CNY
55,SO-2024-000055,55,2024-02-09T09:08:00Z,confirmed,CNY
56,SO-2024-000056,56,2024-02-10T17:35:00Z,confirmed,CNY
57,SO-2024-000057,57,2024-02-10T16:49:00Z,pending,CNY
58,SO-2024-000058,58,2024-02-11T18:35:00Z,confirmed,CNY
59,SO-2024-000059,59,2024-02-12T10:59:00Z,refunded,CNY
60,SO-2024-000060,60,2024-02-13T10:40:00Z,confirmed,CNY
61,SO-2024-000061,61,2024-02-13T15:53:00Z,pending,CNY
62,SO-2024-000062,62,2024-02-14T15:34:00Z,confirmed,CNY
63,SO-2024-000063,63,2024-02-15T16:13:00Z,confirmed,CNY
64,SO-2024-000064,64,2024-02-16T17:02:00Z,confirmed,CNY
65,SO-2024-000065,65,2024-02-16T14:23:00Z,cancelled,CNY
66,SO-2024-000066,66,2024-02-17T11:21:00Z,refunded,CNY
67,SO-2024-000067,67,2024-02-18T12:51:00Z,pending,CNY
68,SO-2024-000068,68,2024-02-18T16:45:00Z,cancelled,CNY
69,SO-2024-000069,69,2024-02-19T12:57:00Z,confirmed,CNY
70,SO-2024-000070,70,2024-02-20T16:36:00Z,confirmed,CNY
71,SO-2024-000071,71,2024-02-21T15:14:00Z,confirmed,CNY
72,SO-2024-000072,72,2024-02-21T09:44:00Z,confirmed,CNY
73,SO-2024-000073,73,2024-02-22T10:10:00Z,confirmed,CNY
74,SO-2024-000074,74,2024-02-23T19:29:00Z,confirmed,CNY
75,SO-2024-000075,75,2024-02-24T14:12:00Z,confirmed,CNY
76,SO-2024-000076,76,2024-02-24T13:37:00Z,refunded,CNY
77,SO-2024-000077,77,2024-02-25T16:04:00Z,confirmed,CNY
78,SO-2024-000078,78,2024-02-26T09:10:00Z,confirmed,CNY
79,SO-2024-000079,79,2024-02-26T15:15:00Z,confirmed,CNY
80,SO-2024-000080,80,2024-02-27T13:52:00Z,confirmed,CNY
81,SO-2024-000081,81,2024-02-28T16:46:00Z,confirmed,CNY
82,SO-2024-000082,82,2024-02-29T18:56:00Z,confirmed,CNY
83,SO-2024-000083,83,2024-02-29T16:14:00Z,confirmed,CNY
84,SO-2024-000084,84,2024-03-01T16:36:00Z,confirmed,CNY
85,SO-2024-000085,85,2024-03-02T14:09:00Z,pending,CNY
86,SO-2024-000086,86,2024-03-03T16:00:00Z,confirmed,CNY
87,SO-2024-000087,87,2024-03-03T11:27:00Z,confirmed,CNY
88,SO-2024-000088,88,2024-03-04T13:50:00Z,refunded,CNY
89,SO-2024-000089,89,2024-03-05T19:35:00Z,confirmed,CNY
90,SO-2024-000090,90,2024-03-06T16:11:00Z,confirmed,CNY
91,SO-2024-000091,91,2024-03-06T13:51:00Z,confirmed,CNY
92,SO-2024-000092,92,2024-03-07T17:54:00Z,cancelled,CNY
93,SO-2024-000093,93,2024-03-08T16:30:00Z,confirmed,CNY
94,SO-2024-000094,94,2024-03-08T10:40:00Z,cancelled,CNY
95,SO-2024-000095,95,2024-03-09T10:44:00Z,confirmed,CNY
96,SO-2024-000096,49,2024-03-10T14:27:00Z,refunded,CNY
97,SO-2024-000097,23,2024-03-11T18:49:00Z,confirmed,CNY
98,SO-2024-000098,88,2024-03-11T13:02:00Z,pending,CNY
99,SO-2024-000099,35,2024-03-12T11:40:00Z,confirmed,CNY
100,SO-2024-000100,90,2024-03-13T09:53:00Z,confirmed,CNY
101,SO-2024-000101,80,2024-03-14T17:27:00Z,pending,CNY
102,SO-2024-000102,34,2024-03-14T13:20:00Z,confirmed,CNY
103,SO-2024-000103,54,2024-03-15T11:08:00Z,confirmed,CNY
104,SO-2024-000104,41,2024-03-16T11:41:00Z,confirmed,CNY
105,SO-2024-000105,10,2024-03-16T14:08:00Z,confirmed,CNY
106,SO-2024-000106,17,2024-03-17T12:56:00Z,confirmed,CNY
107,SO-2024-000107,23,2024-03-18T13:42:00Z,confirmed,CNY
108,SO-2024-000108,79,2024-03-19T15:30:00Z,confirmed,CNY
109,SO-2024-000109,94,2024-03-19T17:03:00Z,confirmed,CNY
110,SO-2024-000110,34,2024-03-20T12:50:00Z,confirmed,CNY
111,SO-2024-000111,56,2024-03-21T13:18:00Z,confirmed,CNY
112,SO-2024-000112,72,2024-03-22T17:23:00Z,confirmed,CNY
113,SO-2024-000113,26,2024-03-22T10:55:00Z,confirmed,CNY
114,SO-2024-000114,16,2024-03-23T11:27:00Z,confirmed,CNY
115,SO-2024-000115,80,2024-03-24T17:16:00Z,cancelled,CNY
116,SO-2024-000116,46,2024-03-25T16:17:00Z,confirmed,CNY
117,SO-2024-000117,51,2024-03-25T16:14:00Z,confirmed,CNY
118,SO-2024-000118,4,2024-03-26T11:03:00Z,confirmed,CNY
119,SO-2024-000119,27,2024-03-27T18:26:00Z,refunded,CNY
120,SO-2024-000120,44,2024-03-27T12:32:00Z,confirmed,CNY
121,SO-2024-000121,38,2024-03-28T13:50:00Z,confirmed,CNY
122,SO-2024-000122,21,2024-03-29T12:22:00Z,confirmed,CNY
123,SO-2024-000123,77,2024-03-30T17:14:00Z,confirmed,CNY
124,SO-2024-000124,62,2024-03-30T14:25:00Z,confirmed,CNY
125,SO-2024-000125,38,2024-03-31T08:30:00Z,confirmed,CNY
126,SO-2024-000126,38,2024-04-01T11:28:00Z,confirmed,CNY
127,SO-2024-000127,24,2024-04-02T13:37:00Z,confirmed,CNY
128,SO-2024-000128,62,2024-04-02T12:07:00Z,confirmed,CNY
129,SO-2024-000129,90,2024-04-03T13:05:00Z,confirmed,CNY
130,SO-2024-000130,35,2024-04-04T13:56:00Z,confirmed,CNY
131,SO-2024-000131,54,2024-04-04T10:26:00Z,confirmed,CNY
132,SO-2024-000132,83,2024-04-05T09:52:00Z,confirmed,CNY
133,SO-2024-000133,64,2024-04-06T09:08:00Z,confirmed,CNY
134,SO-2024-000134,55,2024-04-07T12:22:00Z,confirmed,CNY
135,SO-2024-000135,86,2024-04-07T19:52:00Z,pending,CNY
136,SO-2024-000136,5,2024-04-08T15:30:00Z,confirmed,CNY
137,SO-2024-000137,27,2024-04-09T14:43:00Z,confirmed,CNY
138,SO-2024-000138,82,2024-04-10T10:38:00Z,confirmed,CNY
139,SO-2024-000139,18,2024-04-10T10:04:00Z,confirmed,CNY
140,SO-2024-000140,33,2024-04-11T11:24:00Z,confirmed,CNY
141,SO-2024-000141,61,2024-04-12T18:43:00Z,pending,CNY
142,SO-2024-000142,50,2024-04-13T09:32:00Z,confirmed,CNY
143,SO-2024-000143,13,2024-04-13T16:02:00Z,cancelled,CNY
144,SO-2024-000144,94,2024-04-14T12:09:00Z,pending,CNY
145,SO-2024-000145,35,2024-04-15T08:38:00Z,confirmed,CNY
146,SO-2024-000146,28,2024-04-15T16:21:00Z,confirmed,CNY
147,SO-2024-000147,8,2024-04-16T13:50:00Z,confirmed,CNY
148,SO-2024-000148,60,2024-04-17T13:03:00Z,pending,CNY
149,SO-2024-000149,44,2024-04-18T13:42:00Z,confirmed,CNY
150,SO-2024-000150,42,2024-04-18T08:57:00Z,confirmed,CNY
151,SO-2024-000151,90,2024-04-19T08:02:00Z,confirmed,CNY
152,SO-2024-000152,71,2024-04-20T17:59:00Z,confirmed,CNY
153,SO-2024-000153,83,2024-04-21T16:47:00Z,confirmed,CNY
154,SO-2024-000154,13,2024-04-21T18:13:00Z,confirmed,CNY
155,SO-2024-000155,30,2024-04-22T15:10:00Z,confirmed,CNY
156,SO-2024-000156,72,2024-04-23T14:47:00Z,confirmed,CNY
157,SO-2024-000157,38,2024-04-23T09:56:00Z,confirmed,CNY
158,SO-2024-000158,33,2024-04-24T18:33:00Z,confirmed,CNY
159,SO-2024-000159,27,2024-04-25T15:24:00Z,confirmed,CNY
160,SO-2024-000160,16,2024-04-26T12:05:00Z,pending,CNY
161,SO-2024-000161,65,2024-04-26T18:55:00Z,pending,CNY
162,SO-2024-000162,16,2024-04-27T09:00:00Z,confirmed,CNY
163,SO-2024-000163,69,2024-04-28T13:48:00Z,confirmed,CNY
164,SO-2024-000164,43,2024-04-29T14:40:00Z,confirmed,CNY
165,SO-2024-000165,22,2024-04-29T17:43:00Z,confirmed,CNY
166,SO-2024-000166,74,2024-04-30T13:46:00Z,pending,CNY
167,SO-2024-000167,85,2024-05-01T08:34:00Z,confirmed,CNY
168,SO-2024-000168,38,2024-05-02T19:33:00Z,confirmed,CNY
169,SO-2024-000169,87,2024-05-02T17:11:00Z,confirmed,CNY
170,SO-2024-000170,77,2024-05-03T15:30:00Z,cancelled,CNY
171,SO-2024-000171,75,2024-05-04T17:59:00Z,confirmed,CNY
172,SO-2024-000172,43,2024-05-04T16:26:00Z,confirmed,CNY
173,SO-2024-000173,65,2024-05-05T16:03:00Z,pending,CNY
174,SO-2024-000174,2,2024-05-06T17:30:00Z,cancelled,CNY
175,SO-2024-000175,80,2024-05-07T16:32:00Z,confirmed,CNY
176,SO-2024-000176,48,2024-05-07T10:58:00Z,confirmed,CNY
177,SO-2024-000177,80,2024-05-08T11:15:00Z,confirmed,CNY
178,SO-2024-000178,84,2024-05-09T12:41:00Z,confirmed,CNY
179,SO-2024-000179,58,2024-05-10T17:31:00Z,confirmed,CNY
180,SO-2024-000180,34,2024-05-10T10:07:00Z,confirmed,CNY
181,SO-2024-000181,25,2024-05-11T18:14:00Z,confirmed,CNY
182,SO-2024-000182,93,2024-05-12T16:54:00Z,confirmed,CNY
183,SO-2024-000183,95,2024-05-12T14:23:00Z,refunded,CNY
184,SO-2024-000184,70,2024-05-13T18:51:00Z,cancelled,CNY
185,SO-2024-000185,61,2024-05-14T16:31:00Z,confirmed,CNY
186,SO-2024-000186,78,2024-05-15T18:54:00Z,confirmed,CNY
187,SO-2024-000187,29,2024-05-15T09:40:00Z,refunded,CNY
188,SO-2024-000188,87,2024-05-16T11:48:00Z,pending,CNY
189,SO-2024-000189,12,2024-05-17T08:23:00Z,confirmed,CNY
190,SO-2024-000190,27,2024-05-18T16:17:00Z,refunded,CNY
191,SO-2024-000191,9,2024-05-18T16:21:00Z,confirmed,CNY
192,SO-2024-000192,88,2024-05-19T11:59:00Z,confirmed,CNY
193,SO-2024-000193,68,2024-05-20T11:09:00Z,cancelled,CNY
194,SO-2024-000194,8,2024-05-21T10:00:00Z,confirmed,CNY
195,SO-2024-000195,2,2024-05-21T17:15:00Z,confirmed,CNY
196,SO-2024-000196,79,2024-05-22T19:05:00Z,cancelled,CNY
197,SO-2024-000197,3,2024-05-23T13:26:00Z,confirmed,CNY
198,SO-2024-000198,62,2024-05-23T17:41:00Z,confirmed,CNY
199,SO-2024-000199,86,2024-05-24T19:12:00Z,pending,CNY
200,SO-2024-000200,64,2024-05-25T08:07:00Z,refunded,CNY
201,SO-2024-000201,2,2024-05-26T11:51:00Z,refunded,CNY
202,SO-2024-000202,9,2024-05-26T15:37:00Z,cancelled,CNY
203,SO-2024-000203,72,2024-05-27T14:00:00Z,confirmed,CNY
204,SO-2024-000204,14,2024-05-28T08:19:00Z,confirmed,CNY
205,SO-2024-000205,87,2024-05-29T14:25:00Z,confirmed,CNY
206,SO-2024-000206,29,2024-05-29T08:41:00Z,confirmed,CNY
207,SO-2024-000207,61,2024-05-30T09:03:00Z,refunded,CNY
208,SO-2024-000208,65,2024-05-31T10:14:00Z,cancelled,CNY
209,SO-2024-000209,44,2024-05-31T16:11:00Z,confirmed,CNY
210,SO-2024-000210,72,2024-06-01T09:24:00Z,confirmed,CNY
211,SO-2024-000211,10,2024-06-02T17:55:00Z,refunded,CNY
212,SO-2024-000212,29,2024-06-03T15:23:00Z,confirmed,CNY
213,SO-2024-000213,76,2024-06-03T16:32:00Z,refunded,CNY
214,SO-2024-000214,24,2024-06-04T08:52:00Z,confirmed,CNY
215,SO-2024-000215,42,2024-06-05T17:00:00Z,cancelled,CNY
216,SO-2024-000216,91,2024-06-06T10:11:00Z,confirmed,CNY
217,SO-2024-000217,33,2024-06-06T17:42:00Z,pending,CNY
218,SO-2024-000218,22,2024-06-07T10:41:00Z,confirmed,CNY
219,SO-2024-000219,8,2024-06-08T08:47:00Z,confirmed,CNY
220,SO-2024-000220,23,2024-06-09T14:25:00Z,confirmed,CNY
221,SO-2024-000221,49,2024-06-09T18:15:00Z,cancelled,CNY
222,SO-2024-000222,65,2024-06-10T14:41:00Z,refunded,CNY
223,SO-2024-000223,48,2024-06-11T18:47:00Z,pending,CNY
224,SO-2024-000224,34,2024-06-11T13:59:00Z,confirmed,CNY
225,SO-2024-000225,89,2024-06-12T10:33:00Z,confirmed,CNY
226,SO-2024-000226,40,2024-06-13T10:50:00Z,confirmed,CNY
227,SO-2024-000227,84,2024-06-14T19:36:00Z,confirmed,CNY
228,SO-2024-000228,39,2024-06-14T16:07:00Z,pending,CNY
229,SO-2024-000229,27,2024-06-15T14:15:00Z,confirmed,CNY
230,SO-2024-000230,93,2024-06-16T18:54:00Z,confirmed,CNY
231,SO-2024-000231,36,2024-06-17T18:02:00Z,confirmed,CNY
232,SO-2024-000232,25,2024-06-17T16:17:00Z,confirmed,CNY
233,SO-2024-000233,76,2024-06-18T08:15:00Z,refunded,CNY
234,SO-2024-000234,1,2024-06-19T15:55:00Z,confirmed,CNY
235,SO-2024-000235,59,2024-06-19T18:16:00Z,confirmed,CNY
236,SO-2024-000236,9,2024-06-20T11:11:00Z,refunded,CNY
237,SO-2024-000237,20,2024-06-21T14:33:00Z,confirmed,CNY
238,SO-2024-000238,77,2024-06-22T10:49:00Z,confirmed,CNY
239,SO-2024-000239,85,2024-06-22T12:06:00Z,confirmed,CNY
240,SO-2024-000240,62,2024-06-23T10:27:00Z,cancelled,CNY
241,SO-2024-000241,60,2024-06-24T16:26:00Z,confirmed,CNY
242,SO-2024-000242,65,2024-06-25T08:36:00Z,confirmed,CNY
243,SO-2024-000243,29,2024-06-25T13:25:00Z,refunded,CNY
244,SO-2024-000244,13,2024-06-26T14:16:00Z,confirmed,CNY
245,SO-2024-000245,34,2024-06-27T17:55:00Z,confirmed,CNY
246,SO-2024-000246,29,2024-06-28T09:03:00Z,refunded,CNY
247,SO-2024-000247,31,2024-06-28T19:17:00Z,confirmed,CNY
248,SO-2024-000248,77,2024-06-29T08:47:00Z,pending,CNY
249,SO-2024-000249,71,2024-06-30T11:15:00Z,confirmed,CNY
250,SO-2024-000250,29,2024-06-30T10:39:00Z,confirmed,CNY
251,SO-2024-000251,26,2024-07-01T10:26:00Z,confirmed,CNY
252,SO-2024-000252,32,2024-07-02T17:30:00Z,confirmed,CNY
253,SO-2024-000253,88,2024-07-03T11:59:00Z,confirmed,CNY
254,SO-2024-000254,28,2024-07-03T18:20:00Z,cancelled,CNY
255,SO-2024-000255,39,2024-07-04T19:17:00Z,confirmed,CNY
256,SO-2024-000256,24,2024-07-05T16:38:00Z,cancelled,CNY
257,SO-2024-000257,36,2024-07-06T16:06:00Z,confirmed,CNY
258,SO-2024-000258,85,2024-07-06T14:56:00Z,confirmed,CNY
259,SO-2024-000259,17,2024-07-07T18:45:00Z,confirmed,CNY
260,SO-2024-000260,27,2024-07-08T14:37:00Z,confirmed,CNY
261,SO-2024-000261,19,2024-07-08T09:58:00Z,refunded,CNY
262,SO-2024-000262,39,2024-07-09T19:34:00Z,cancelled,CNY
263,SO-2024-000263,67,2024-07-10T16:28:00Z,confirmed,CNY
264,SO-2024-000264,71,2024-07-11T17:28:00Z,confirmed,CNY
265,SO-2024-000265,5,2024-07-11T13:01:00Z,confirmed,CNY
266,SO-2024-000266,90,2024-07-12T08:29:00Z,confirmed,CNY
267,SO-2024-000267,57,2024-07-13T09:24:00Z,pending,CNY
268,SO-2024-000268,39,2024-07-14T13:35:00Z,confirmed,CNY
269,SO-2024-000269,56,2024-07-14T19:30:00Z,cancelled,CNY
270,SO-2024-000270,80,2024-07-15T09:23:00Z,confirmed,CNY
271,SO-2024-000271,22,2024-07-16T12:25:00Z,confirmed,CNY
272,SO-2024-000272,93,2024-07-17T15:35:00Z,confirmed,CNY
273,SO-2024-000273,49,2024-07-17T18:12:00Z,confirmed,CNY
274,SO-2024-000274,79,2024-07-18T11:56:00Z,confirmed,CNY
275,SO-2024-000275,2,2024-07-19T08:15:00Z,cancelled,CNY
276,SO-2024-000276,20,2024-07-19T15:03:00Z,confirmed,CNY
277,SO-2024-000277,54,2024-07-20T16:06:00Z,confirmed,CNY
278,SO-2024-000278,32,2024-07-21T08:37:00Z,confirmed,CNY
279,SO-2024-000279,83,2024-07-22T16:23:00Z,confirmed,CNY
280,SO-2024-000280,12,2024-07-22T14:41:00Z,confirmed,CNY
281,SO-2024-000281,36,2024-07-23T11:22:00Z,confirmed,CNY
282,SO-2024-000282,24,2024-07-24T09:07:00Z,refunded,CNY
283,SO-2024-000283,48,2024-07-25T13:51:00Z,confirmed,CNY
284,SO-2024-000284,23,2024-07-25T14:39:00Z,refunded,CNY
285,SO-2024-000285,4,2024-07-26T08:14:00Z,pending,CNY
286,SO-2024-000286,16,2024-07-27T17:58:00Z,cancelled,CNY
287,SO-2024-000287,1,2024-07-27T11:32:00Z,cancelled,CNY
288,SO-2024-000288,6,2024-07-28T08:36:00Z,confirmed,CNY
289,SO-2024-000289,31,2024-07-29T11:53:00Z,confirmed,CNY
290,SO-2024-000290,7,2024-07-30T18:23:00Z,confirmed,CNY
291,SO-2024-000291,90,2024-07-30T18:53:00Z,cancelled,CNY
292,SO-2024-000292,12,2024-07-31T12:22:00Z,confirmed,CNY
293,SO-2024-000293,5,2024-08-01T18:15:00Z,cancelled,CNY
294,SO-2024-000294,55,2024-08-02T13:18:00Z,confirmed,CNY
295,SO-2024-000295,10,2024-08-02T19:02:00Z,cancelled,CNY
296,SO-2024-000296,20,2024-08-03T13:57:00Z,pending,CNY
297,SO-2024-000297,30,2024-08-04T17:50:00Z,confirmed,CNY
298,SO-2024-000298,67,2024-08-05T09:50:00Z,pending,CNY
299,SO-2024-000299,33,2024-08-05T17:43:00Z,confirmed,CNY
300,SO-2024-000300,23,2024-08-06T16:30:00Z,confirmed,CNY
301,SO-2024-000301,91,2024-08-07T16:48:00Z,confirmed,CNY
302,SO-2024-000302,34,2024-08-07T16:42:00Z,confirmed,CNY
303,SO-2024-000303,21,2024-08-08T14:54:00Z,confirmed,CNY
304,SO-2024-000304,27,2024-08-09T17:50:00Z,confirmed,CNY
305,SO-2024-000305,75,2024-08-10T13:45:00Z,confirmed,CNY
306,SO-2024-000306,56,2024-08-10T19:05:00Z,confirmed,CNY
307,SO-2024-000307,61,2024-08-11T12:10:00Z,confirmed,CNY
308,SO-2024-000308,4,2024-08-12T13:33:00Z,confirmed,CNY
309,SO-2024-000309,21,2024-08-13T08:27:00Z,confirmed,CNY
310,SO-2024-000310,6,2024-08-13T13:20:00Z,pending,CNY
311,SO-2024-000311,66,2024-08-14T19:17:00Z,confirmed,CNY
312,SO-2024-000312,31,2024-08-15T08:54:00Z,confirmed,CNY
313,SO-2024-000313,29,2024-08-15T11:05:00Z,refunded,CNY
314,SO-2024-000314,70,2024-08-16T15:39:00Z,confirmed,CNY
315,SO-2024-000315,6,2024-08-17T09:54:00Z,confirmed,CNY
316,SO-2024-000316,88,2024-08-18T17:04:00Z,confirmed,CNY
317,SO-2024-000317,22,2024-08-18T12:18:00Z,confirmed,CNY
318,SO-2024-000318,5,2024-08-19T14:16:00Z,confirmed,CNY
319,SO-2024-000319,81,2024-08-20T15:28:00Z,pending,CNY
320,SO-2024-000320,24,2024-08-21T09:25:00Z,confirmed,CNY
321,SO-2024-000321,63,2024-08-21T10:22:00Z,confirmed,CNY
322,SO-2024-000322,44,2024-08-22T13:32:00Z,confirmed,CNY
323,SO-2024-000323,20,2024-08-23T18:28:00Z,confirmed,CNY
324,SO-2024-000324,49,2024-08-24T16:35:00Z,confirmed,CNY
325,SO-2024-000325,89,2024-08-24T11:33:00Z,confirmed,CNY
326,SO-2024-000326,62,2024-08-25T16:50:00Z,pending,CNY
327,SO-2024-000327,17,2024-08-26T13:52:00Z,cancelled,CNY
328,SO-2024-000328,13,2024-08-26T13:10:00Z,confirmed,CNY
329,SO-2024-000329,15,2024-08-27T09:06:00Z,confirmed,CNY
330,SO-2024-000330,76,2024-08-28T12:06:00Z,confirmed,CNY
331,SO-2024-000331,32,2024-08-29T11:51:00Z,confirmed,CNY
332,SO-2024-000332,44,2024-08-29T14:59:00Z,pending,CNY
333,SO-2024-000333,55,2024-08-30T14:24:00Z,cancelled,CNY
334,SO-2024-000334,57,2024-08-31T18:19:00Z,cancelled,CNY
335,SO-2024-000335,16,2024-09-01T10:12:00Z,pending,CNY
336,SO-2024-000336,60,2024-09-01T14:13:00Z,confirmed,CNY
337,SO-2024-000337,10,2024-09-02T16:00:00Z,confirmed,CNY
338,SO-2024-000338,41,2024-09-03T14:38:00Z,confirmed,CNY
339,SO-2024-000339,54,2024-09-03T11:35:00Z,confirmed,CNY
340,SO-2024-000340,79,2024-09-04T19:35:00Z,confirmed,CNY
341,SO-2024-000341,16,2024-09-05T19:58:00Z,confirmed,CNY
342,SO-2024-000342,64,2024-09-06T14:49:00Z,confirmed,CNY
343,SO-2024-000343,90,2024-09-06T08:51:00Z,confirmed,CNY
344,SO-2024-000344,94,2024-09-07T18:47:00Z,confirmed,CNY
345,SO-2024-000345,51,2024-09-08T15:28:00Z,confirmed,CNY
346,SO-2024-000346,54,2024-09-09T15:43:00Z,confirmed,CNY
347,SO-2024-000347,82,2024-09-09T14:42:00Z,confirmed,CNY
348,SO-2024-000348,17,2024-09-10T13:33:00Z,confirmed,CNY
349,SO-2024-000349,87,2024-09-11T18:00:00Z,pending,CNY
350,SO-2024-000350,13,2024-09-12T15:49:00Z,confirmed,CNY
351,SO-2024-000351,81,2024-09-12T18:13:00Z,confirmed,CNY
352,SO-2024-000352,85,2024-09-13T12:37:00Z,confirmed,CNY
353,SO-2024-000353,4,2024-09-14T13:28:00Z,confirmed,CNY
354,SO-2024-000354,2,2024-09-14T17:37:00Z,confirmed,CNY
355,SO-2024-000355,32,2024-09-15T12:02:00Z,confirmed,CNY
356,SO-2024-000356,86,2024-09-16T17:06:00Z,confirmed,CNY
357,SO-2024-000357,77,2024-09-17T11:02:00Z,refunded,CNY
358,SO-2024-000358,78,2024-09-17T15:28:00Z,confirmed,CNY
359,SO-2024-000359,79,2024-09-18T15:08:00Z,confirmed,CNY
360,SO-2024-000360,56,2024-09-19T19:10:00Z,confirmed,CNY
361,SO-2024-000361,30,2024-09-20T12:43:00Z,pending,CNY
362,SO-2024-000362,9,2024-09-20T08:55:00Z,confirmed,CNY
363,SO-2024-000363,7,2024-09-21T18:01:00Z,confirmed,CNY
364,SO-2024-000364,37,2024-09-22T19:27:00Z,confirmed,CNY
365,SO-2024-000365,20,2024-09-22T09:19:00Z,confirmed,CNY
366,SO-2024-000366,32,2024-09-23T11:49:00Z,confirmed,CNY
367,SO-2024-000367,8,2024-09-24T18:12:00Z,confirmed,CNY
368,SO-2024-000368,17,2024-09-25T09:46:00Z,refunded,CNY
369,SO-2024-000369,46,2024-09-25T11:38:00Z,pending,CNY
370,SO-2024-000370,20,2024-09-26T17:28:00Z,confirmed,CNY
371,SO-2024-000371,55,2024-09-27T15:45:00Z,confirmed,CNY
372,SO-2024-000372,52,2024-09-28T13:02:00Z,confirmed,CNY
373,SO-2024-000373,84,2024-09-28T16:28:00Z,confirmed,CNY
374,SO-2024-000374,15,2024-09-29T19:08:00Z,confirmed,CNY
375,SO-2024-000375,54,2024-09-30T09:39:00Z,confirmed,CNY
376,SO-2024-000376,85,2024-10-01T17:51:00Z,cancelled,CNY
377,SO-2024-000377,17,2024-10-01T18:19:00Z,pending,CNY
378,SO-2024-000378,37,2024-10-02T13:44:00Z,pending,CNY
379,SO-2024-000379,30,2024-10-03T08:26:00Z,confirmed,CNY
380,SO-2024-000380,29,2024-10-03T08:47:00Z,confirmed,CNY
381,SO-2024-000381,45,2024-10-04T10:41:00Z,confirmed,CNY
382,SO-2024-000382,76,2024-10-05T13:42:00Z,cancelled,CNY
383,SO-2024-000383,12,2024-10-06T17:40:00Z,confirmed,CNY
384,SO-2024-000384,6,2024-10-06T14:05:00Z,refunded,CNY
385,SO-2024-000385,36,2024-10-07T18:25:00Z,confirmed,CNY
386,SO-2024-000386,78,2024-10-08T10:30:00Z,confirmed,CNY
387,SO-2024-000387,58,2024-10-09T08:34:00Z,confirmed,CNY
388,SO-2024-000388,37,2024-10-09T08:55:00Z,cancelled,CNY
389,SO-2024-000389,47,2024-10-10T11:26:00Z,cancelled,CNY
390,SO-2024-000390,17,2024-10-11T09:30:00Z,confirmed,CNY
391,SO-2024-000391,48,2024-10-11T08:40:00Z,confirmed,CNY
392,SO-2024-000392,26,2024-10-12T18:42:00Z,confirmed,CNY
393,SO-2024-000393,71,2024-10-13T11:20:00Z,confirmed,CNY
394,SO-2024-000394,18,2024-10-14T17:16:00Z,pending,CNY
395,SO-2024-000395,17,2024-10-14T14:12:00Z,confirmed,CNY
396,SO-2024-000396,91,2024-10-15T15:41:00Z,confirmed,CNY
397,SO-2024-000397,44,2024-10-16T09:47:00Z,refunded,CNY
398,SO-2024-000398,56,2024-10-17T11:08:00Z,confirmed,CNY
399,SO-2024-000399,7,2024-10-17T10:45:00Z,confirmed,CNY
400,SO-2024-000400,12,2024-10-18T17:18:00Z,pending,CNY
401,SO-2024-000401,33,2024-10-19T19:00:00Z,confirmed,CNY
402,SO-2024-000402,67,2024-10-20T16:46:00Z,confirmed,CNY
403,SO-2024-000403,45,2024-10-20T12:48:00Z,cancelled,CNY
404,SO-2024-000404,38,2024-10-21T14:44:00Z,confirmed,CNY
405,SO-2024-000405,67,2024-10-22T09:17:00Z,confirmed,CNY
406,SO-2024-000406,64,2024-10-22T10:17:00Z,confirmed,CNY
407,SO-2024-000407,36,2024-10-23T14:48:00Z,confirmed,CNY
408,SO-2024-000408,50,2024-10-24T19:00:00Z,confirmed,CNY
409,SO-2024-000409,15,2024-10-25T19:40:00Z,pending,CNY
410,SO-2024-000410,90,2024-10-25T17:54:00Z,confirmed,CNY
411,SO-2024-000411,41,2024-10-26T14:37:00Z,confirmed,CNY
412,SO-2024-000412,62,2024-10-27T10:41:00Z,confirmed,CNY
413,SO-2024-000413,72,2024-10-28T13:08:00Z,confirmed,CNY
414,SO-2024-000414,15,2024-10-28T08:39:00Z,refunded,CNY
415,SO-2024-000415,39,2024-10-29T12:34:00Z,confirmed,CNY
416,SO-2024-000416,12,2024-10-30T08:27:00Z,confirmed,CNY
417,SO-2024-000417,30,2024-10-30T19:09:00Z,confirmed,CNY
418,SO-2024-000418,11,2024-10-31T09:06:00Z,confirmed,CNY
419,SO-2024-000419,16,2024-11-01T19:35:00Z,cancelled,CNY
420,SO-2024-000420,92,2024-11-02T08:24:00Z,confirmed,CNY
421,SO-2024-000421,8,2024-11-02T19:56:00Z,confirmed,CNY
422,SO-2024-000422,10,2024-11-03T08:57:00Z,pending,CNY
423,SO-2024-000423,89,2024-11-04T17:24:00Z,cancelled,CNY
424,SO-2024-000424,31,2024-11-05T18:49:00Z,refunded,CNY
425,SO-2024-000425,19,2024-11-05T19:17:00Z,confirmed,CNY
426,SO-2024-000426,95,2024-11-06T14:03:00Z,confirmed,CNY
427,SO-2024-000427,31,2024-11-07T19:05:00Z,confirmed,CNY
428,SO-2024-000428,8,2024-11-08T08:31:00Z,confirmed,CNY
429,SO-2024-000429,86,2024-11-08T14:37:00Z,confirmed,CNY
430,SO-2024-000430,81,2024-11-09T09:48:00Z,confirmed,CNY
431,SO-2024-000431,17,2024-11-10T18:34:00Z,confirmed,CNY
432,SO-2024-000432,11,2024-11-10T10:47:00Z,pending,CNY
433,SO-2024-000433,18,2024-11-11T10:14:00Z,cancelled,CNY
434,SO-2024-000434,9,2024-11-12T08:26:00Z,refunded,CNY
435,SO-2024-000435,94,2024-11-13T09:38:00Z,refunded,CNY
436,SO-2024-000436,49,2024-11-13T15:59:00Z,refunded,CNY
437,SO-2024-000437,25,2024-11-14T19:04:00Z,confirmed,CNY
438,SO-2024-000438,57,2024-11-15T14:47:00Z,confirmed,CNY
439,SO-2024-000439,85,2024-11-16T12:48:00Z,pending,CNY
440,SO-2024-000440,67,2024-11-16T11:01:00Z,pending,CNY
441,SO-2024-000441,31,2024-11-17T12:01:00Z,refunded,CNY
442,SO-2024-000442,49,2024-11-18T16:07:00Z,cancelled,CNY
443,SO-2024-000443,63,2024-11-18T15:02:00Z,confirmed,CNY
444,SO-2024-000444,36,2024-11-19T18:33:00Z,cancelled,CNY
445,SO-2024-000445,81,2024-11-20T10:40:00Z,confirmed,CNY
446,SO-2024-000446,22,2024-11-21T10:24:00Z,confirmed,CNY
447,SO-2024-000447,93,2024-11-21T08:31:00Z,confirmed,CNY
448,SO-2024-000448,11,2024-11-22T17:08:00Z,confirmed,CNY
449,SO-2024-000449,57,2024-11-23T09:03:00Z,confirmed,CNY
450,SO-2024-000450,6,2024-11-24T16:55:00Z,confirmed,CNY
451,SO-2024-000451,11,2024-11-24T13:13:00Z,confirmed,CNY
452,SO-2024-000452,51,2024-11-25T19:50:00Z,confirmed,CNY
453,SO-2024-000453,27,2024-11-26T13:46:00Z,confirmed,CNY
454,SO-2024-000454,14,2024-11-27T12:03:00Z,cancelled,CNY
455,SO-2024-000455,31,2024-11-27T09:27:00Z,confirmed,CNY
456,SO-2024-000456,10,2024-11-28T16:32:00Z,confirmed,CNY
457,SO-2024-000457,94,2024-11-29T13:28:00Z,confirmed,CNY
458,SO-2024-000458,23,2024-11-29T16:12:00Z,confirmed,CNY
459,SO-2024-000459,53,2024-11-30T16:20:00Z,confirmed,CNY
460,SO-2024-000460,45,2024-12-01T19:05:00Z,confirmed,CNY
461,SO-2024-000461,62,2024-12-02T10:01:00Z,pending,CNY
462,SO-2024-000462,47,2024-12-02T08:49:00Z,confirmed,CNY
463,SO-2024-000463,22,2024-12-03T15:11:00Z,confirmed,CNY
464,SO-2024-000464,3,2024-12-04T11:27:00Z,pending,CNY
465,SO-2024-000465,12,2024-12-05T18:51:00Z,pending,CNY
466,SO-2024-000466,89,2024-12-05T10:08:00Z,confirmed,CNY
467,SO-2024-000467,15,2024-12-06T17:51:00Z,pending,CNY
468,SO-2024-000468,39,2024-12-07T09:16:00Z,confirmed,CNY
469,SO-2024-000469,10,2024-12-07T13:33:00Z,confirmed,CNY
470,SO-2024-000470,22,2024-12-08T09:29:00Z,confirmed,CNY
471,SO-2024-000471,35,2024-12-09T08:56:00Z,confirmed,CNY
472,SO-2024-000472,67,2024-12-10T13:25:00Z,confirmed,CNY
473,SO-2024-000473,30,2024-12-10T16:27:00Z,confirmed,CNY
474,SO-2024-000474,52,2024-12-11T13:02:00Z,confirmed,CNY
475,SO-2024-000475,17,2024-12-12T18:54:00Z,confirmed,CNY
476,SO-2024-000476,13,2024-12-13T09:26:00Z,confirmed,CNY
477,SO-2024-000477,16,2024-12-13T17:36:00Z,confirmed,CNY
478,SO-2024-000478,20,2024-12-14T10:27:00Z,cancelled,CNY
479,SO-2024-000479,16,2024-12-15T16:27:00Z,confirmed,CNY
480,SO-2024-000480,75,2024-12-16T12:58:00Z,cancelled,CNY
481,SO-2024-000481,47,2024-12-16T08:32:00Z,confirmed,CNY
482,SO-2024-000482,41,2024-12-17T10:05:00Z,cancelled,CNY
483,SO-2024-000483,30,2024-12-18T10:55:00Z,confirmed,CNY
484,SO-2024-000484,59,2024-12-18T16:12:00Z,confirmed,CNY
485,SO-2024-000485,17,2024-12-19T16:46:00Z,confirmed,CNY
486,SO-2024-000486,53,2024-12-20T10:18:00Z,cancelled,CNY
487,SO-2024-000487,91,2024-12-21T15:29:00Z,confirmed,CNY
488,SO-2024-000488,28,2024-12-21T14:02:00Z,refunded,CNY
489,SO-2024-000489,82,2024-12-22T14:03:00Z,confirmed,CNY
490,SO-2024-000490,55,2024-12-23T13:38:00Z,refunded,CNY
491,SO-2024-000491,47,2024-12-24T11:02:00Z,confirmed,CNY
492,SO-2024-000492,75,2024-12-24T17:49:00Z,confirmed,CNY
493,SO-2024-000493,67,2024-12-25T16:52:00Z,confirmed,CNY
494,SO-2024-000494,75,2024-12-26T18:42:00Z,confirmed,CNY
495,SO-2024-000495,89,2024-12-26T08:27:00Z,confirmed,CNY
496,SO-2024-000496,29,2024-12-27T12:57:00Z,confirmed,CNY
497,SO-2024-000497,67,2024-12-28T13:08:00Z,confirmed,CNY
498,SO-2024-000498,23,2024-12-29T09:45:00Z,confirmed,CNY
499,SO-2024-000499,76,2024-12-29T10:09:00Z,confirmed,CNY
500,SO-2024-000500,85,2024-12-30T14:11:00Z,cancelled,CNY
501,SO-2024-000501,79,2024-12-31T19:36:00Z,confirmed,CNY
502,SO-2025-000502,77,2025-01-01T18:09:00Z,confirmed,CNY
503,SO-2025-000503,92,2025-01-01T16:58:00Z,confirmed,CNY
504,SO-2025-000504,50,2025-01-02T15:24:00Z,cancelled,CNY
505,SO-2025-000505,46,2025-01-03T10:02:00Z,cancelled,CNY
506,SO-2025-000506,31,2025-01-04T17:01:00Z,confirmed,CNY
507,SO-2025-000507,68,2025-01-04T13:27:00Z,confirmed,CNY
508,SO-2025-000508,52,2025-01-05T16:42:00Z,confirmed,CNY
509,SO-2025-000509,64,2025-01-06T08:32:00Z,confirmed,CNY
510,SO-2025-000510,25,2025-01-06T10:32:00Z,confirmed,CNY
511,SO-2025-000511,85,2025-01-07T08:23:00Z,confirmed,CNY
512,SO-2025-000512,71,2025-01-08T14:24:00Z,confirmed,CNY
513,SO-2025-000513,54,2025-01-09T16:02:00Z,confirmed,CNY
514,SO-2025-000514,56,2025-01-09T19:30:00Z,confirmed,CNY
515,SO-2025-000515,66,2025-01-10T18:00:00Z,cancelled,CNY
516,SO-2025-000516,15,2025-01-11T11:43:00Z,refunded,CNY
517,SO-2025-000517,25,2025-01-12T10:40:00Z,confirmed,CNY
518,SO-2025-000518,70,2025-01-12T09:36:00Z,confirmed,CNY
519,SO-2025-000519,93,2025-01-13T09:28:00Z,confirmed,CNY
520,SO-2025-000520,31,2025-01-14T17:02:00Z,cancelled,CNY
521,SO-2025-000521,30,2025-01-14T08:00:00Z,confirmed,CNY
522,SO-2025-000522,36,2025-01-15T13:32:00Z,confirmed,CNY
523,SO-2025-000523,18,2025-01-16T08:14:00Z,confirmed,CNY
524,SO-2025-000524,77,2025-01-17T16:06:00Z,cancelled,CNY
525,SO-2025-000525,81,2025-01-17T17:57:00Z,refunded,CNY
526,SO-2025-000526,94,2025-01-18T17:06:00Z,confirmed,CNY
527,SO-2025-000527,1,2025-01-19T13:43:00Z,pending,CNY
528,SO-2025-000528,34,2025-01-20T09:27:00Z,refunded,CNY
529,SO-2025-000529,39,2025-01-20T19:48:00Z,refunded,CNY
530,SO-2025-000530,18,2025-01-21T08:15:00Z,confirmed,CNY
531,SO-2025-000531,23,2025-01-22T08:53:00Z,pending,CNY
532,SO-2025-000532,35,2025-01-23T13:04:00Z,confirmed,CNY
533,SO-2025-000533,74,2025-01-23T14:44:00Z,pending,CNY
534,SO-2025-000534,81,2025-01-24T19:14:00Z,confirmed,CNY
535,SO-2025-000535,67,2025-01-25T08:34:00Z,confirmed,CNY
536,SO-2025-000536,78,2025-01-25T08:26:00Z,confirmed,CNY
537,SO-2025-000537,48,2025-01-26T18:12:00Z,cancelled,CNY
538,SO-2025-000538,55,2025-01-27T14:15:00Z,confirmed,CNY
539,SO-2025-000539,46,2025-01-28T17:37:00Z,confirmed,CNY
540,SO-2025-000540,36,2025-01-28T19:33:00Z,confirmed,CNY
541,SO-2025-000541,51,2025-01-29T16:55:00Z,cancelled,CNY
542,SO-2025-000542,3,2025-01-30T17:33:00Z,pending,CNY
543,SO-2025-000543,88,2025-01-31T13:32:00Z,confirmed,CNY
544,SO-2025-000544,59,2025-01-31T09:18:00Z,confirmed,CNY
545,SO-2025-000545,60,2025-02-01T16:52:00Z,confirmed,CNY
546,SO-2025-000546,43,2025-02-02T15:52:00Z,pending,CNY
547,SO-2025-000547,60,2025-02-02T18:22:00Z,confirmed,CNY
548,SO-2025-000548,41,2025-02-03T15:07:00Z,refunded,CNY
549,SO-2025-000549,58,2025-02-04T16:38:00Z,confirmed,CNY
550,SO-2025-000550,80,2025-02-05T18:43:00Z,confirmed,CNY
551,SO-2025-000551,18,2025-02-05T14:44:00Z,confirmed,CNY
552,SO-2025-000552,49,2025-02-06T09:47:00Z,confirmed,CNY
553,SO-2025-000553,87,2025-02-07T12:25:00Z,confirmed,CNY
554,SO-2025-000554,69,2025-02-08T18:22:00Z,refunded,CNY
555,SO-2025-000555,22,2025-02-08T13:14:00Z,confirmed,CNY
556,SO-2025-000556,47,2025-02-09T10:24:00Z,confirmed,CNY
557,SO-2025-000557,82,2025-02-10T10:36:00Z,confirmed,CNY
558,SO-2025-000558,64,2025-02-11T17:51:00Z,confirmed,CNY
559,SO-2025-000559,70,2025-02-11T17:17:00Z,cancelled,CNY
560,SO-2025-000560,75,2025-02-12T08:17:00Z,confirmed,CNY
561,SO-2025-000561,72,2025-02-13T14:12:00Z,confirmed,CNY
562,SO-2025-000562,92,2025-02-13T09:56:00Z,refunded,CNY
563,SO-2025-000563,47,2025-02-14T12:19:00Z,confirmed,CNY
564,SO-2025-000564,62,2025-02-15T16:47:00Z,pending,CNY
565,SO-2025-000565,53,2025-02-16T13:13:00Z,confirmed,CNY
566,SO-2025-000566,12,2025-02-16T19:40:00Z,confirmed,CNY
567,SO-2025-000567,66,2025-02-17T19:47:00Z,refunded,CNY
568,SO-2025-000568,40,2025-02-18T10:29:00Z,confirmed,CNY
569,SO-2025-000569,44,2025-02-19T14:41:00Z,confirmed,CNY
570,SO-2025-000570,36,2025-02-19T11:42:00Z,confirmed,CNY
571,SO-2025-000571,27,2025-02-20T13:47:00Z,confirmed,CNY
572,SO-2025-000572,60,2025-02-21T16:07:00Z,confirmed,CNY
573,SO-2025-000573,53,2025-02-21T10:14:00Z,confirmed,CNY
574,SO-2025-000574,91,2025-02-22T12:03:00Z,confirmed,CNY
575,SO-2025-000575,13,2025-02-23T16:49:00Z,confirmed,CNY
576,SO-2025-000576,10,2025-02-24T18:36:00Z,pending,CNY
577,SO-2025-000577,81,2025-02-24T13:59:00Z,confirmed,CNY
578,SO-2025-000578,75,2025-02-25T11:17:00Z,refunded,CNY
579,SO-2025-000579,14,2025-02-26T16:46:00Z,refunded,CNY
580,SO-2025-000580,88,2025-02-27T10:27:00Z,confirmed,CNY
581,SO-2025-000581,52,2025-02-27T19:32:00Z,confirmed,CNY
582,SO-2025-000582,37,2025-02-28T19:47:00Z,confirmed,CNY
583,SO-2025-000583,36,2025-03-01T11:27:00Z,confirmed,CNY
584,SO-2025-000584,87,2025-03-02T14:05:00Z,confirmed,CNY
585,SO-2025-000585,77,2025-03-02T10:01:00Z,confirmed,CNY
586,SO-2025-000586,28,2025-03-03T11:43:00Z,confirmed,CNY
587,SO-2025-000587,33,2025-03-04T12:37:00Z,refunded,CNY
588,SO-2025-000588,67,2025-03-04T17:16:00Z,cancelled,CNY
589,SO-2025-000589,44,2025-03-05T10:27:00Z,confirmed,CNY
590,SO-2025-000590,19,2025-03-06T16:47:00Z,confirmed,CNY
591,SO-2025-000591,85,2025-03-07T13:05:00Z,pending,CNY
592,SO-2025-000592,82,2025-03-07T10:40:00Z,confirmed,CNY
593,SO-2025-000593,53,2025-03-08T14:39:00Z,confirmed,CNY
594,SO-2025-000594,3,2025-03-09T12:16:00Z,confirmed,CNY
595,SO-2025-000595,74,2025-03-10T11:14:00Z,cancelled,CNY
596,SO-2025-000596,24,2025-03-10T18:35:00Z,refunded,CNY
597,SO-2025-000597,95,2025-03-11T16:58:00Z,confirmed,CNY
598,SO-2025-000598,14,2025-03-12T10:08:00Z,confirmed,CNY
599,SO-2025-000599,70,2025-03-12T09:45:00Z,confirmed,CNY
600,SO-2025-000600,15,2025-03-13T08:43:00Z,confirmed,CNY
601,SO-2025-000601,11,2025-03-14T14:32:00Z,confirmed,CNY
602,SO-2025-000602,92,2025-03-15T16:52:00Z,confirmed,CNY
603,SO-2025-000603,27,2025-03-15T18:59:00Z,confirmed,CNY
604,SO-2025-000604,11,2025-03-16T13:47:00Z,confirmed,CNY
605,SO-2025-000605,63,2025-03-17T18:36:00Z,confirmed,CNY
606,SO-2025-000606,89,2025-03-18T19:42:00Z,confirmed,CNY
607,SO-2025-000607,58,2025-03-18T15:37:00Z,confirmed,CNY
608,SO-2025-000608,77,2025-03-19T16:16:00Z,confirmed,CNY
609,SO-2025-000609,47,2025-03-20T09:01:00Z,confirmed,CNY
610,SO-2025-000610,56,2025-03-21T16:20:00Z,confirmed,CNY
611,SO-2025-000611,68,2025-03-21T12:46:00Z,confirmed,CNY
612,SO-2025-000612,56,2025-03-22T17:56:00Z,confirmed,CNY
613,SO-2025-000613,89,2025-03-23T10:31:00Z,confirmed,CNY
614,SO-2025-000614,54,2025-03-23T12:31:00Z,confirmed,CNY
615,SO-2025-000615,92,2025-03-24T11:20:00Z,confirmed,CNY
616,SO-2025-000616,73,2025-03-25T12:12:00Z,confirmed,CNY
617,SO-2025-000617,80,2025-03-26T17:35:00Z,pending,CNY
618,SO-2025-000618,60,2025-03-26T19:48:00Z,pending,CNY
619,SO-2025-000619,4,2025-03-27T14:12:00Z,confirmed,CNY
620,SO-2025-000620,67,2025-03-28T16:36:00Z,confirmed,CNY
621,SO-2025-000621,14,2025-03-29T11:17:00Z,confirmed,CNY
622,SO-2025-000622,49,2025-03-29T08:11:00Z,confirmed,CNY
623,SO-2025-000623,1,2025-03-30T08:36:00Z,confirmed,CNY
624,SO-2025-000624,57,2025-03-31T09:41:00Z,confirmed,CNY
625,SO-2025-000625,18,2025-03-31T09:54:00Z,refunded,CNY
626,SO-2025-000626,53,2025-04-01T14:51:00Z,confirmed,CNY
627,SO-2025-000627,32,2025-04-02T16:30:00Z,confirmed,CNY
628,SO-2025-000628,35,2025-04-03T16:58:00Z,pending,CNY
629,SO-2025-000629,80,2025-04-03T12:00:00Z,cancelled,CNY
630,SO-2025-000630,81,2025-04-04T19:48:00Z,refunded,CNY
631,SO-2025-000631,79,2025-04-05T15:59:00Z,cancelled,CNY
632,SO-2025-000632,3,2025-04-06T12:19:00Z,confirmed,CNY
633,SO-2025-000633,93,2025-04-06T13:29:00Z,confirmed,CNY
634,SO-2025-000634,7,2025-04-07T10:26:00Z,cancelled,CNY
635,SO-2025-000635,92,2025-04-08T18:04:00Z,confirmed,CNY
636,SO-2025-000636,59,2025-04-09T08:14:00Z,cancelled,CNY
637,SO-2025-000637,62,2025-04-09T17:05:00Z,confirmed,CNY
638,SO-2025-000638,23,2025-04-10T10:18:00Z,confirmed,CNY
639,SO-2025-000639,3,2025-04-11T08:52:00Z,refunded,CNY
640,SO-2025-000640,59,2025-04-11T17:49:00Z,confirmed,CNY
641,SO-2025-000641,70,2025-04-12T11:28:00Z,cancelled,CNY
642,SO-2025-000642,87,2025-04-13T15:13:00Z,confirmed,CNY
643,SO-2025-000643,80,2025-04-14T10:47:00Z,confirmed,CNY
644,SO-2025-000644,66,2025-04-14T09:12:00Z,cancelled,CNY
645,SO-2025-000645,53,2025-04-15T09:13:00Z,confirmed,CNY
646,SO-2025-000646,52,2025-04-16T14:07:00Z,confirmed,CNY
647,SO-2025-000647,11,2025-04-17T09:59:00Z,confirmed,CNY
648,SO-2025-000648,16,2025-04-17T11:17:00Z,confirmed,CNY
649,SO-2025-000649,61,2025-04-18T10:06:00Z,confirmed,CNY
650,SO-2025-000650,57,2025-04-19T17:48:00Z,cancelled,CNY
651,SO-2025-000651,11,2025-04-19T09:06:00Z,confirmed,CNY
652,SO-2025-000652,63,2025-04-20T17:33:00Z,confirmed,CNY
653,SO-2025-000653,93,2025-04-21T12:58:00Z,confirmed,CNY
654,SO-2025-000654,85,2025-04-22T10:24:00Z,confirmed,CNY
655,SO-2025-000655,25,2025-04-22T17:41:00Z,confirmed,CNY
656,SO-2025-000656,39,2025-04-23T14:46:00Z,confirmed,CNY
657,SO-2025-000657,58,2025-04-24T17:38:00Z,confirmed,CNY
658,SO-2025-000658,47,2025-04-25T12:23:00Z,pending,CNY
659,SO-2025-000659,80,2025-04-25T14:10:00Z,pending,CNY
660,SO-2025-000660,85,2025-04-26T08:40:00Z,confirmed,CNY
661,SO-2025-000661,67,2025-04-27T11:22:00Z,confirmed,CNY
662,SO-2025-000662,58,2025-04-28T17:32:00Z,confirmed,CNY
663,SO-2025-000663,62,2025-04-28T12:28:00Z,confirmed,CNY
664,SO-2025-000664,18,2025-04-29T12:24:00Z,pending,CNY
665,SO-2025-000665,83,2025-04-30T14:53:00Z,confirmed,CNY
666,SO-2025-000666,45,2025-04-30T13:48:00Z,confirmed,CNY
667,SO-2025-000667,32,2025-05-01T13:22:00Z,pending,CNY
668,SO-2025-000668,63,2025-05-02T09:36:00Z,pending,CNY
669,SO-2025-000669,47,2025-05-03T12:28:00Z,confirmed,CNY
670,SO-2025-000670,32,2025-05-03T09:30:00Z,confirmed,CNY
671,SO-2025-000671,77,2025-05-04T10:25:00Z,confirmed,CNY
672,SO-2025-000672,38,2025-05-05T15:07:00Z,confirmed,CNY
673,SO-2025-000673,43,2025-05-06T12:10:00Z,pending,CNY
674,SO-2025-000674,79,2025-05-06T17:27:00Z,confirmed,CNY
675,SO-2025-000675,92,2025-05-07T19:08:00Z,confirmed,CNY
676,SO-2025-000676,77,2025-05-08T08:00:00Z,confirmed,CNY
677,SO-2025-000677,6,2025-05-08T16:07:00Z,refunded,CNY
678,SO-2025-000678,38,2025-05-09T09:25:00Z,confirmed,CNY
679,SO-2025-000679,69,2025-05-10T17:11:00Z,pending,CNY
680,SO-2025-000680,81,2025-05-11T17:10:00Z,confirmed,CNY
681,SO-2025-000681,47,2025-05-11T16:30:00Z,pending,CNY
682,SO-2025-000682,48,2025-05-12T10:55:00Z,confirmed,CNY
683,SO-2025-000683,50,2025-05-13T13:28:00Z,refunded,CNY
684,SO-2025-000684,19,2025-05-14T10:51:00Z,confirmed,CNY
685,SO-2025-000685,29,2025-05-14T11:23:00Z,confirmed,CNY
686,SO-2025-000686,90,2025-05-15T18:25:00Z,confirmed,CNY
687,SO-2025-000687,20,2025-05-16T10:56:00Z,confirmed,CNY
688,SO-2025-000688,8,2025-05-17T11:46:00Z,confirmed,CNY
689,SO-2025-000689,73,2025-05-17T12:08:00Z,confirmed,CNY
690,SO-2025-000690,48,2025-05-18T09:40:00Z,confirmed,CNY
691,SO-2025-000691,44,2025-05-19T18:29:00Z,confirmed,CNY
692,SO-2025-000692,55,2025-05-19T12:02:00Z,confirmed,CNY
693,SO-2025-000693,23,2025-05-20T17:08:00Z,confirmed,CNY
694,SO-2025-000694,4,2025-05-21T13:16:00Z,confirmed,CNY
695,SO-2025-000695,58,2025-05-22T19:05:00Z,pending,CNY
696,SO-2025-000696,25,2025-05-22T12:23:00Z,cancelled,CNY
697,SO-2025-000697,92,2025-05-23T09:54:00Z,confirmed,CNY
698,SO-2025-000698,84,2025-05-24T16:49:00Z,confirmed,CNY
699,SO-2025-000699,2,2025-05-25T18:50:00Z,confirmed,CNY
700,SO-2025-000700,10,2025-05-25T14:49:00Z,confirmed,CNY
701,SO-2025-000701,70,2025-05-26T19:33:00Z,refunded,CNY
702,SO-2025-000702,88,2025-05-27T19:25:00Z,pending,CNY
703,SO-2025-000703,88,2025-05-27T19:23:00Z,confirmed,CNY
704,SO-2025-000704,23,2025-05-28T19:18:00Z,confirmed,CNY
705,SO-2025-000705,11,2025-05-29T09:59:00Z,confirmed,CNY
706,SO-2025-000706,69,2025-05-30T17:38:00Z,confirmed,CNY
707,SO-2025-000707,77,2025-05-30T09:02:00Z,cancelled,CNY
708,SO-2025-000708,61,2025-05-31T08:30:00Z,pending,CNY
709,SO-2025-000709,23,2025-06-01T13:24:00Z,pending,CNY
710,SO-2025-000710,63,2025-06-02T11:23:00Z,cancelled,CNY
711,SO-2025-000711,69,2025-06-02T15:05:00Z,confirmed,CNY
712,SO-2025-000712,28,2025-06-03T12:08:00Z,confirmed,CNY
713,SO-2025-000713,95,2025-06-04T12:11:00Z,confirmed,CNY
714,SO-2025-000714,12,2025-06-05T14:47:00Z,confirmed,CNY
715,SO-2025-000715,56,2025-06-05T13:31:00Z,confirmed,CNY
716,SO-2025-000716,38,2025-06-06T16:56:00Z,cancelled,CNY
717,SO-2025-000717,45,2025-06-07T08:26:00Z,confirmed,CNY
718,SO-2025-000718,26,2025-06-07T16:42:00Z,confirmed,CNY
719,SO-2025-000719,71,2025-06-08T08:40:00Z,confirmed,CNY
720,SO-2025-000720,44,2025-06-09T15:11:00Z,cancelled,CNY
721,SO-2025-000721,10,2025-06-10T19:14:00Z,confirmed,CNY
722,SO-2025-000722,94,2025-06-10T12:29:00Z,pending,CNY
723,SO-2025-000723,43,2025-06-11T16:43:00Z,confirmed,CNY
724,SO-2025-000724,74,2025-06-12T13:11:00Z,confirmed,CNY
725,SO-2025-000725,29,2025-06-13T12:54:00Z,cancelled,CNY
726,SO-2025-000726,9,2025-06-13T17:53:00Z,confirmed,CNY
727,SO-2025-000727,70,2025-06-14T09:29:00Z,confirmed,CNY
728,SO-2025-000728,39,2025-06-15T18:23:00Z,pending,CNY
729,SO-2025-000729,61,2025-06-15T14:17:00Z,confirmed,CNY
730,SO-2025-000730,14,2025-06-16T08:51:00Z,pending,CNY
731,SO-2025-000731,38,2025-06-17T09:02:00Z,confirmed,CNY
732,SO-2025-000732,50,2025-06-18T18:05:00Z,confirmed,CNY
733,SO-2025-000733,3,2025-06-18T08:56:00Z,confirmed,CNY
734,SO-2025-000734,32,2025-06-19T09:19:00Z,confirmed,CNY
735,SO-2025-000735,93,2025-06-20T13:26:00Z,confirmed,CNY
736,SO-2025-000736,12,2025-06-21T18:34:00Z,confirmed,CNY
737,SO-2025-000737,3,2025-06-21T13:01:00Z,confirmed,CNY
738,SO-2025-000738,13,2025-06-22T09:54:00Z,confirmed,CNY
739,SO-2025-000739,29,2025-06-23T15:02:00Z,confirmed,CNY
740,SO-2025-000740,19,2025-06-24T15:04:00Z,confirmed,CNY
741,SO-2025-000741,8,2025-06-24T13:09:00Z,confirmed,CNY
742,SO-2025-000742,33,2025-06-25T19:52:00Z,cancelled,CNY
743,SO-2025-000743,19,2025-06-26T08:19:00Z,pending,CNY
744,SO-2025-000744,13,2025-06-26T16:00:00Z,confirmed,CNY
745,SO-2025-000745,92,2025-06-27T18:50:00Z,refunded,CNY
746,SO-2025-000746,3,2025-06-28T09:24:00Z,cancelled,CNY
747,SO-2025-000747,47,2025-06-29T08:52:00Z,cancelled,CNY
748,SO-2025-000748,43,2025-06-29T16:02:00Z,confirmed,CNY
749,SO-2025-000749,95,2025-06-30T16:41:00Z,cancelled,CNY
750,SO-2025-000750,52,2025-07-01T11:40:00Z,confirmed,CNY
751,SO-2025-000751,49,2025-07-02T14:18:00Z,cancelled,CNY
752,SO-2025-000752,91,2025-07-02T08:32:00Z,confirmed,CNY
753,SO-2025-000753,67,2025-07-03T17:40:00Z,confirmed,CNY
754,SO-2025-000754,29,2025-07-04T10:32:00Z,confirmed,CNY
755,SO-2025-000755,57,2025-07-04T15:14:00Z,confirmed,CNY
756,SO-2025-000756,9,2025-07-05T14:27:00Z,confirmed,CNY
757,SO-2025-000757,23,2025-07-06T13:20:00Z,confirmed,CNY
758,SO-2025-000758,25,2025-07-07T19:57:00Z,pending,CNY
759,SO-2025-000759,66,2025-07-07T10:04:00Z,confirmed,CNY
760,SO-2025-000760,14,2025-07-08T13:01:00Z,confirmed,CNY
761,SO-2025-000761,4,2025-07-09T17:11:00Z,confirmed,CNY
762,SO-2025-000762,3,2025-07-10T15:02:00Z,confirmed,CNY
763,SO-2025-000763,11,2025-07-10T18:08:00Z,confirmed,CNY
764,SO-2025-000764,59,2025-07-11T19:02:00Z,confirmed,CNY
765,SO-2025-000765,24,2025-07-12T12:12:00Z,confirmed,CNY
766,SO-2025-000766,95,2025-07-13T10:05:00Z,confirmed,CNY
767,SO-2025-000767,54,2025-07-13T10:49:00Z,confirmed,CNY
768,SO-2025-000768,61,2025-07-14T08:59:00Z,confirmed,CNY
769,SO-2025-000769,9,2025-07-15T15:49:00Z,pending,CNY
770,SO-2025-000770,16,2025-07-15T14:07:00Z,confirmed,CNY
771,SO-2025-000771,36,2025-07-16T14:08:00Z,cancelled,CNY
772,SO-2025-000772,13,2025-07-17T08:27:00Z,confirmed,CNY
773,SO-2025-000773,11,2025-07-18T17:04:00Z,refunded,CNY
774,SO-2025-000774,71,2025-07-18T15:01:00Z,confirmed,CNY
775,SO-2025-000775,6,2025-07-19T12:59:00Z,confirmed,CNY
776,SO-2025-000776,4,2025-07-20T17:04:00Z,confirmed,CNY
777,SO-2025-000777,90,2025-07-21T09:01:00Z,confirmed,CNY
778,SO-2025-000778,26,2025-07-21T14:15:00Z,confirmed,CNY
779,SO-2025-000779,5,2025-07-22T13:37:00Z,confirmed,CNY
780,SO-2025-000780,3,2025-07-23T08:38:00Z,confirmed,CNY
781,SO-2025-000781,63,2025-07-23T17:44:00Z,pending,CNY
782,SO-2025-000782,4,2025-07-24T16:56:00Z,confirmed,CNY
783,SO-2025-000783,53,2025-07-25T18:21:00Z,pending,CNY
784,SO-2025-000784,7,2025-07-26T13:22:00Z,refunded,CNY
785,SO-2025-000785,93,2025-07-26T17:42:00Z,confirmed,CNY
786,SO-2025-000786,37,2025-07-27T19:48:00Z,confirmed,CNY
787,SO-2025-000787,52,2025-07-28T18:57:00Z,confirmed,CNY
788,SO-2025-000788,4,2025-07-29T14:16:00Z,pending,CNY
789,SO-2025-000789,76,2025-07-29T17:46:00Z,confirmed,CNY
790,SO-2025-000790,12,2025-07-30T14:54:00Z,cancelled,CNY
791,SO-2025-000791,26,2025-07-31T16:53:00Z,confirmed,CNY
792,SO-2025-000792,43,2025-08-01T16:41:00Z,confirmed,CNY
793,SO-2025-000793,93,2025-08-01T09:45:00Z,confirmed,CNY
794,SO-2025-000794,41,2025-08-02T08:31:00Z,confirmed,CNY
795,SO-2025-000795,76,2025-08-03T12:13:00Z,confirmed,CNY
796,SO-2025-000796,36,2025-08-03T14:57:00Z,confirmed,CNY
797,SO-2025-000797,27,2025-08-04T11:28:00Z,confirmed,CNY
798,SO-2025-000798,42,2025-08-05T18:55:00Z,confirmed,CNY
799,SO-2025-000799,35,2025-08-06T19:56:00Z,cancelled,CNY
800,SO-2025-000800,60,2025-08-06T16:45:00Z,confirmed,CNY
801,SO-2025-000801,43,2025-08-07T12:37:00Z,pending,CNY
802,SO-2025-000802,48,2025-08-08T11:49:00Z,confirmed,CNY
803,SO-2025-000803,94,2025-08-09T10:29:00Z,confirmed,CNY
804,SO-2025-000804,48,2025-08-09T19:07:00Z,confirmed,CNY
805,SO-2025-000805,3,2025-08-10T17:46:00Z,confirmed,CNY
806,SO-2025-000806,82,2025-08-11T09:39:00Z,confirmed,CNY
807,SO-2025-000807,1,2025-08-11T16:56:00Z,pending,CNY
808,SO-2025-000808,45,2025-08-12T19:49:00Z,confirmed,CNY
809,SO-2025-000809,15,2025-08-13T14:14:00Z,confirmed,CNY
810,SO-2025-000810,16,2025-08-14T17:51:00Z,cancelled,CNY
811,SO-2025-000811,57,2025-08-14T14:23:00Z,confirmed,CNY
812,SO-2025-000812,78,2025-08-15T12:33:00Z,confirmed,CNY
813,SO-2025-000813,90,2025-08-16T12:32:00Z,confirmed,CNY
814,SO-2025-000814,49,2025-08-17T11:23:00Z,confirmed,CNY
815,SO-2025-000815,18,2025-08-17T12:22:00Z,pending,CNY
816,SO-2025-000816,14,2025-08-18T15:36:00Z,confirmed,CNY
817,SO-2025-000817,85,2025-08-19T09:41:00Z,confirmed,CNY
818,SO-2025-000818,37,2025-08-20T11:40:00Z,confirmed,CNY
819,SO-2025-000819,86,2025-08-20T10:31:00Z,confirmed,CNY
820,SO-2025-000820,84,2025-08-21T08:15:00Z,confirmed,CNY
821,SO-2025-000821,8,2025-08-22T19:15:00Z,confirmed,CNY
822,SO-2025-000822,5,2025-08-22T15:11:00Z,confirmed,CNY
823,SO-2025-000823,76,2025-08-23T09:44:00Z,confirmed,CNY
824,SO-2025-000824,5,2025-08-24T19:11:00Z,refunded,CNY
825,SO-2025-000825,84,2025-08-25T14:38:00Z,confirmed,CNY
826,SO-2025-000826,21,2025-08-25T11:21:00Z,refunded,CNY
827,SO-2025-000827,32,2025-08-26T10:36:00Z,confirmed,CNY
828,SO-2025-000828,69,2025-08-27T17:54:00Z,confirmed,CNY
829,SO-2025-000829,3,2025-08-28T18:59:00Z,confirmed,CNY
830,SO-2025-000830,5,2025-08-28T11:18:00Z,confirmed,CNY
831,SO-2025-000831,48,2025-08-29T18:05:00Z,confirmed,CNY
832,SO-2025-000832,67,2025-08-30T13:33:00Z,confirmed,CNY
833,SO-2025-000833,88,2025-08-30T10:11:00Z,confirmed,CNY
834,SO-2025-000834,94,2025-08-31T10:04:00Z,confirmed,CNY
835,SO-2025-000835,81,2025-09-01T10:19:00Z,confirmed,CNY
836,SO-2025-000836,90,2025-09-02T10:34:00Z,confirmed,CNY
837,SO-2025-000837,77,2025-09-02T10:47:00Z,confirmed,CNY
838,SO-2025-000838,45,2025-09-03T09:17:00Z,confirmed,CNY
839,SO-2025-000839,47,2025-09-04T16:17:00Z,confirmed,CNY
840,SO-2025-000840,19,2025-09-05T16:49:00Z,confirmed,CNY
841,SO-2025-000841,53,2025-09-05T18:24:00Z,confirmed,CNY
842,SO-2025-000842,94,2025-09-06T10:19:00Z,pending,CNY
843,SO-2025-000843,33,2025-09-07T17:03:00Z,refunded,CNY
844,SO-2025-000844,71,2025-09-08T12:32:00Z,confirmed,CNY
845,SO-2025-000845,48,2025-09-08T17:28:00Z,confirmed,CNY
846,SO-2025-000846,70,2025-09-09T08:06:00Z,confirmed,CNY
847,SO-2025-000847,74,2025-09-10T10:55:00Z,pending,CNY
848,SO-2025-000848,85,2025-09-10T11:13:00Z,confirmed,CNY
849,SO-2025-000849,30,2025-09-11T19:46:00Z,confirmed,CNY
850,SO-2025-000850,13,2025-09-12T17:09:00Z,confirmed,CNY
851,SO-2025-000851,17,2025-09-13T13:57:00Z,refunded,CNY
852,SO-2025-000852,20,2025-09-13T11:49:00Z,cancelled,CNY
853,SO-2025-000853,64,2025-09-14T10:19:00Z,pending,CNY
854,SO-2025-000854,73,2025-09-15T15:16:00Z,confirmed,CNY
855,SO-2025-000855,52,2025-09-16T14:32:00Z,cancelled,CNY
856,SO-2025-000856,83,2025-09-16T12:15:00Z,confirmed,CNY
857,SO-2025-000857,4,2025-09-17T15:55:00Z,confirmed,CNY
858,SO-2025-000858,16,2025-09-18T17:43:00Z,cancelled,CNY
859,SO-2025-000859,9,2025-09-18T18:40:00Z,confirmed,CNY
860,SO-2025-000860,9,2025-09-19T14:01:00Z,pending,CNY
861,SO-2025-000861,78,2025-09-20T13:19:00Z,confirmed,CNY
862,SO-2025-000862,63,2025-09-21T14:41:00Z,confirmed,CNY
863,SO-2025-000863,3,2025-09-21T13:00:00Z,confirmed,CNY
864,SO-2025-000864,93,2025-09-22T13:45:00Z,confirmed,CNY
865,SO-2025-000865,59,2025-09-23T10:53:00Z,pending,CNY
866,SO-2025-000866,88,2025-09-24T12:02:00Z,confirmed,CNY
867,SO-2025-000867,14,2025-09-24T17:36:00Z,cancelled,CNY
868,SO-2025-000868,27,2025-09-25T15:36:00Z,refunded,CNY
869,SO-2025-000869,26,2025-09-26T16:08:00Z,confirmed,CNY
870,SO-2025-000870,69,2025-09-27T16:52:00Z,cancelled,CNY
871,SO-2025-000871,30,2025-09-27T19:43:00Z,confirmed,CNY
872,SO-2025-000872,71,2025-09-28T12:30:00Z,confirmed,CNY
873,SO-2025-000873,93,2025-09-29T13:52:00Z,confirmed,CNY
874,SO-2025-000874,16,2025-09-29T18:14:00Z,cancelled,CNY
875,SO-2025-000875,66,2025-09-30T14:36:00Z,cancelled,CNY
876,SO-2025-000876,38,2025-10-01T17:43:00Z,confirmed,CNY
877,SO-2025-000877,73,2025-10-02T14:00:00Z,confirmed,CNY
878,SO-2025-000878,20,2025-10-02T19:13:00Z,confirmed,CNY
879,SO-2025-000879,66,2025-10-03T15:47:00Z,confirmed,CNY
880,SO-2025-000880,68,2025-10-04T09:28:00Z,pending,CNY
881,SO-2025-000881,55,2025-10-05T16:38:00Z,confirmed,CNY
882,SO-2025-000882,2,2025-10-05T11:19:00Z,confirmed,CNY
883,SO-2025-000883,34,2025-10-06T19:16:00Z,confirmed,CNY
884,SO-2025-000884,93,2025-10-07T08:16:00Z,confirmed,CNY
885,SO-2025-000885,47,2025-10-07T08:13:00Z,confirmed,CNY
886,SO-2025-000886,2,2025-10-08T14:22:00Z,confirmed,CNY
887,SO-2025-000887,52,2025-10-09T11:00:00Z,confirmed,CNY
888,SO-2025-000888,31,2025-10-10T19:33:00Z,confirmed,CNY
889,SO-2025-000889,26,2025-10-10T16:49:00Z,confirmed,CNY
890,SO-2025-000890,13,2025-10-11T13:30:00Z,confirmed,CNY
891,SO-2025-000891,37,2025-10-12T08:22:00Z,refunded,CNY
892,SO-2025-000892,54,2025-10-13T13:07:00Z,confirmed,CNY
893,SO-2025-000893,90,2025-10-13T12:36:00Z,cancelled,CNY
894,SO-2025-000894,70,2025-10-14T15:51:00Z,confirmed,CNY
895,SO-2025-000895,90,2025-10-15T08:14:00Z,confirmed,CNY
896,SO-2025-000896,20,2025-10-16T18:54:00Z,pending,CNY
897,SO-2025-000897,39,2025-10-16T15:21:00Z,refunded,CNY
898,SO-2025-000898,8,2025-10-17T13:43:00Z,confirmed,CNY
899,SO-2025-000899,65,2025-10-18T09:35:00Z,confirmed,CNY
900,SO-2025-000900,26,2025-10-18T12:02:00Z,cancelled,CNY
901,SO-2025-000901,74,2025-10-19T10:28:00Z,confirmed,CNY
902,SO-2025-000902,40,2025-10-20T12:49:00Z,confirmed,CNY
903,SO-2025-000903,29,2025-10-21T14:44:00Z,confirmed,CNY
904,SO-2025-000904,84,2025-10-21T19:20:00Z,refunded,CNY
905,SO-2025-000905,56,2025-10-22T16:30:00Z,confirmed,CNY
906,SO-2025-000906,87,2025-10-23T11:32:00Z,confirmed,CNY
907,SO-2025-000907,83,2025-10-24T12:34:00Z,confirmed,CNY
908,SO-2025-000908,32,2025-10-24T18:08:00Z,confirmed,CNY
909,SO-2025-000909,75,2025-10-25T17:10:00Z,cancelled,CNY
910,SO-2025-000910,60,2025-10-26T11:31:00Z,confirmed,CNY
911,SO-2025-000911,87,2025-10-26T19:00:00Z,confirmed,CNY
912,SO-2025-000912,92,2025-10-27T14:06:00Z,confirmed,CNY
913,SO-2025-000913,4,2025-10-28T09:52:00Z,pending,CNY
914,SO-2025-000914,72,2025-10-29T19:15:00Z,cancelled,CNY
915,SO-2025-000915,19,2025-10-29T09:04:00Z,confirmed,CNY
916,SO-2025-000916,31,2025-10-30T16:47:00Z,cancelled,CNY
917,SO-2025-000917,84,2025-10-31T18:34:00Z,confirmed,CNY
918,SO-2025-000918,40,2025-11-01T12:52:00Z,confirmed,CNY
919,SO-2025-000919,58,2025-11-01T19:41:00Z,confirmed,CNY
920,SO-2025-000920,53,2025-11-02T17:40:00Z,confirmed,CNY
921,SO-2025-000921,56,2025-11-03T19:00:00Z,cancelled,CNY
922,SO-2025-000922,43,2025-11-04T09:00:00Z,cancelled,CNY
923,SO-2025-000923,77,2025-11-04T08:34:00Z,confirmed,CNY
924,SO-2025-000924,15,2025-11-05T18:48:00Z,refunded,CNY
925,SO-2025-000925,25,2025-11-06T13:21:00Z,cancelled,CNY
926,SO-2025-000926,84,2025-11-06T10:30:00Z,confirmed,CNY
927,SO-2025-000927,32,2025-11-07T12:55:00Z,confirmed,CNY
928,SO-2025-000928,55,2025-11-08T12:33:00Z,confirmed,CNY
929,SO-2025-000929,92,2025-11-09T10:20:00Z,confirmed,CNY
930,SO-2025-000930,6,2025-11-09T17:46:00Z,confirmed,CNY
931,SO-2025-000931,57,2025-11-10T10:56:00Z,confirmed,CNY
932,SO-2025-000932,42,2025-11-11T09:22:00Z,pending,CNY
933,SO-2025-000933,54,2025-11-12T09:06:00Z,pending,CNY
934,SO-2025-000934,86,2025-11-12T08:15:00Z,confirmed,CNY
935,SO-2025-000935,6,2025-11-13T11:46:00Z,confirmed,CNY
936,SO-2025-000936,71,2025-11-14T18:29:00Z,confirmed,CNY
937,SO-2025-000937,59,2025-11-14T13:37:00Z,confirmed,CNY
938,SO-2025-000938,42,2025-11-15T09:52:00Z,confirmed,CNY
939,SO-2025-000939,70,2025-11-16T13:35:00Z,confirmed,CNY
940,SO-2025-000940,43,2025-11-17T13:58:00Z,confirmed,CNY
941,SO-2025-000941,59,2025-11-17T17:56:00Z,pending,CNY
942,SO-2025-000942,65,2025-11-18T11:55:00Z,confirmed,CNY
943,SO-2025-000943,45,2025-11-19T12:06:00Z,pending,CNY
944,SO-2025-000944,47,2025-11-20T14:03:00Z,confirmed,CNY
945,SO-2025-000945,80,2025-11-20T10:57:00Z,confirmed,CNY
946,SO-2025-000946,24,2025-11-21T10:55:00Z,confirmed,CNY
947,SO-2025-000947,76,2025-11-22T13:21:00Z,confirmed,CNY
948,SO-2025-000948,70,2025-11-23T13:19:00Z,confirmed,CNY
949,SO-2025-000949,21,2025-11-23T12:25:00Z,confirmed,CNY
950,SO-2025-000950,67,2025-11-24T13:05:00Z,confirmed,CNY
951,SO-2025-000951,24,2025-11-25T09:47:00Z,confirmed,CNY
952,SO-2025-000952,12,2025-11-25T09:52:00Z,confirmed,CNY
953,SO-2025-000953,16,2025-11-26T17:55:00Z,confirmed,CNY
954,SO-2025-000954,73,2025-11-27T17:40:00Z,refunded,CNY
955,SO-2025-000955,64,2025-11-28T16:33:00Z,confirmed,CNY
956,SO-2025-000956,81,2025-11-28T17:49:00Z,confirmed,CNY
957,SO-2025-000957,30,2025-11-29T16:40:00Z,confirmed,CNY
958,SO-2025-000958,31,2025-11-30T17:47:00Z,refunded,CNY
959,SO-2025-000959,12,2025-12-01T12:25:00Z,confirmed,CNY
960,SO-2025-000960,90,2025-12-01T19:17:00Z,confirmed,CNY
961,SO-2025-000961,62,2025-12-02T13:30:00Z,cancelled,CNY
962,SO-2025-000962,16,2025-12-03T12:47:00Z,confirmed,CNY
963,SO-2025-000963,15,2025-12-03T13:17:00Z,confirmed,CNY
964,SO-2025-000964,76,2025-12-04T12:15:00Z,confirmed,CNY
965,SO-2025-000965,84,2025-12-05T08:01:00Z,confirmed,CNY
966,SO-2025-000966,32,2025-12-06T09:19:00Z,confirmed,CNY
967,SO-2025-000967,27,2025-12-06T19:38:00Z,confirmed,CNY
968,SO-2025-000968,51,2025-12-07T18:51:00Z,pending,CNY
969,SO-2025-000969,50,2025-12-08T13:56:00Z,confirmed,CNY
970,SO-2025-000970,28,2025-12-09T08:06:00Z,confirmed,CNY
971,SO-2025-000971,25,2025-12-09T14:02:00Z,confirmed,CNY
972,SO-2025-000972,44,2025-12-10T11:40:00Z,confirmed,CNY
973,SO-2025-000973,50,2025-12-11T19:04:00Z,confirmed,CNY
974,SO-2025-000974,58,2025-12-12T12:34:00Z,confirmed,CNY
975,SO-2025-000975,33,2025-12-12T10:06:00Z,confirmed,CNY
976,SO-2025-000976,11,2025-12-13T08:10:00Z,confirmed,CNY
977,SO-2025-000977,45,2025-12-14T12:03:00Z,confirmed,CNY
978,SO-2025-000978,16,2025-12-14T18:51:00Z,confirmed,CNY
979,SO-2025-000979,76,2025-12-15T08:31:00Z,refunded,CNY
980,SO-2025-000980,70,2025-12-16T18:11:00Z,confirmed,CNY
981,SO-2025-000981,50,2025-12-17T19:19:00Z,confirmed,CNY
982,SO-2025-000982,48,2025-12-17T11:09:00Z,confirmed,CNY
983,SO-2025-000983,67,2025-12-18T08:57:00Z,confirmed,CNY
984,SO-2025-000984,8,2025-12-19T11:23:00Z,confirmed,CNY
985,SO-2025-000985,30,2025-12-20T17:36:00Z,refunded,CNY
986,SO-2025-000986,40,2025-12-20T09:27:00Z,confirmed,CNY
987,SO-2025-000987,22,2025-12-21T17:17:00Z,refunded,CNY
988,SO-2025-000988,2,2025-12-22T08:33:00Z,confirmed,CNY
989,SO-2025-000989,75,2025-12-22T15:04:00Z,confirmed,CNY
990,SO-2025-000990,31,2025-12-23T13:15:00Z,confirmed,CNY
991,SO-2025-000991,43,2025-12-24T18:34:00Z,cancelled,CNY
992,SO-2025-000992,82,2025-12-25T11:15:00Z,pending,CNY
993,SO-2025-000993,2,2025-12-25T16:05:00Z,confirmed,CNY
994,SO-2025-000994,60,2025-12-26T11:14:00Z,confirmed,CNY
995,SO-2025-000995,50,2025-12-27T16:55:00Z,cancelled,CNY
996,SO-2025-000996,64,2025-12-28T16:22:00Z,confirmed,CNY
997,SO-2025-000997,75,2025-12-28T19:25:00Z,pending,CNY
998,SO-2025-000998,16,2025-12-29T14:28:00Z,confirmed,CNY
999,SO-2025-000999,22,2025-12-30T19:00:00Z,confirmed,CNY
1000,SO-2025-001000,16,2025-12-31T16:12:00Z,confirmed,CNY
