id,order_id,product_id,quantity,unit_price,discount_rate
1,1,46,2,759.00,0.1000
2,1,5,4,737.10,0.0000
3,1,43,4,1230.25,0.0000
4,1,37,20,866.70,0.2000
5,2,47,1,107.16,0.0000
6,2,48,5,121.44,0.0000
7,2,40,1,72.00,0.2500
8,3,48,20,110.40,0.0500
9,4,33,10,2523.20,0.1000
10,4,37,5,866.70,0.0000
11,4,44,1,3752.50,0.2500
12,5,37,3,1011.15,0.0000
13,5,14,2,456.75,0.2500
14,5,3,1,877.80,0.1500
15,5,10,1,41.04,0.1000
16,5,9,5,2352.00,0.0000
17,6,17,4,2491.20,0.1500
18,6,34,1,44.88,0.0000
19,7,20,10,2137.50,0.0500
20,7,16,5,60.48,0.1500
21,7,48,1,121.44,0.2000
22,7,12,2,2850.00,0.0000
23,8,35,1,1152.90,0.0000
24,8,8,2,127.20,0.1500
25,8,41,3,2100.00,0.0000
26,8,26,1,57.54,0.0500
27,9,17,2,2491.20,0.2000
28,10,29,5,1231.20,0.2000
29,11,4,10,3410.00,0.2000
30,11,47,2,118.44,0.0500
31,11,13,1,1410.75,0.0000
32,11,30,2,560.00,0.0500
33,11,5,5,737.10,0.0000
34,12,46,2,759.00,0.0000
35,12,44,1,4345.00,0.2000
36,13,16,1,63.84,0.2500
37,13,30,20,532.00,0.1000
38,13,3,2,877.80,0.1000
39,14,13,20,1410.75,0.1500
40,14,1,20,3024.00,0.1500
41,15,10,1,43.20,0.2500
42,15,48,2,110.40,0.0000
43,15,31,1,192.66,0.2000
44,16,8,10,120.84,0.0000
45,16,37,2,963.00,0.0000
46,16,47,1,124.08,0.2000
47,17,17,2,2629.60,0.2500
48,17,36,4,4200.00,0.0500
49,18,43,5,1165.50,0.0000
50,19,1,5,2872.80,0.2500
51,19,21,2,1607.40,0.1500
52,19,45,10,1692.00,0.0500
53,19,8,1,133.56,0.0500
54,20,26,2,54.80,0.0000
55,21,10,3,45.36,0.2500
56,21,15,4,193.32,0.2000
57,21,19,10,1470.00,0.3000
58,21,39,20,231.00,0.0500
59,21,29,10,1504.80,0.3000
60,22,2,10,79.20,0.0500
61,23,30,3,616.00,0.1000
62,23,28,3,2921.25,0.1500
63,23,42,2,79.64,0.1500
64,24,28,1,3075.00,0.2500
65,24,25,1,2246.40,0.1500
66,24,48,2,110.40,0.0000
67,24,14,2,435.00,0.2500
68,25,48,1,121.44,0.0000
69,26,34,1,42.84,0.0500
70,26,12,2,2850.00,0.1000
71,26,18,10,50.40,0.2000
72,26,30,3,532.00,0.0000
73,27,1,10,2872.80,0.2500
74,27,26,5,54.80,0.0500
75,27,13,10,1336.50,0.3000
76,27,46,10,621.00,0.1000
77,28,31,2,182.52,0.0000
78,28,6,1,918.50,0.0000
79,29,41,2,1800.00,0.0000
80,29,20,20,2256.25,0.2500
81,30,6,5,918.50,0.2000
82,30,24,10,94.32,0.1000
83,30,8,2,127.20,0.1500
84,30,18,4,50.40,0.0500
85,31,36,2,3600.00,0.1500
86,32,31,2,223.08,0.0000
87,32,37,1,1059.30,0.3000
88,32,16,2,67.20,0.1500
89,32,48,2,99.36,0.2000
90,33,34,4,36.72,0.2000
91,33,23,20,164.16,0.3000
92,33,6,2,918.50,0.2000
93,34,2,20,79.20,0.2500
94,34,28,1,2767.50,0.1000
95,34,41,1,1800.00,0.3000
96,35,8,1,127.20,0.1500
97,35,46,2,759.00,0.0500
98,36,46,2,690.00,0.1500
99,37,28,1,2767.50,0.0000
100,37,4,4,3410.00,0.1500
101,37,27,1,691.60,0.0000
102,37,32,20,120.12,0.0000
103,37,41,10,1900.00,0.1500
104,38,30,2,616.00,0.3000
105,38,15,3,204.06,0.0500
106,39,34,4,42.84,0.0500
107,39,10,1,47.52,0.0500
108,39,47,1,118.44,0.3000
109,39,7,4,127.68,0.1000
110,40,30,1,560.00,0.1000
111,40,48,1,121.44,0.0000
112,40,12,2,2992.50,0.0000
113,40,35,1,1345.05,0.2500
114,41,7,10,134.40,0.3000
115,41,13,1,1336.50,0.0000
116,42,41,5,1900.00,0.0000
117,42,6,1,876.75,0.0000
118,42,28,3,2767.50,0.1000
119,43,44,5,3555.00,0.2000
120,44,26,4,60.28,0.3000
121,44,23,5,155.52,0.1000
122,44,47,4,124.08,0.3000
123,44,12,3,2992.50,0.1000
124,44,45,5,1861.20,0.2000
125,45,42,2,76.02,0.1000
126,45,38,2,693.50,0.1000
127,46,39,1,231.00,0.0000
128,46,44,3,3950.00,0.0000
129,46,31,1,192.66,0.1500
130,47,38,1,766.50,0.0000
131,48,22,1,925.00,0.0000
132,48,14,10,456.75,0.2000
133,49,14,2,391.50,0.3000
134,50,29,1,1368.00,0.2000
135,50,13,4,1633.50,0.0500
136,50,11,1,538.65,0.2500
137,50,19,4,1260.00,0.0000
138,50,17,1,2629.60,0.0000
139,51,25,4,2371.20,0.0000
140,51,7,2,134.40,0.0000
141,51,26,3,49.32,0.0000
142,51,33,10,2788.80,0.0500
143,51,23,20,181.44,0.2500
144,52,28,1,2921.25,0.1000
145,52,45,2,1861.20,0.0000
146,53,8,4,127.20,0.0000
147,53,11,2,595.35,0.1000
148,53,41,10,2200.00,0.2000
149,54,12,1,2707.50,0.1000
150,54,48,4,121.44,0.1500
151,54,20,20,2612.50,0.0000
152,54,28,20,3228.75,0.1000
153,55,33,5,2788.80,0.0000
154,55,18,4,53.20,0.0000
155,56,21,1,1607.40,0.2500
156,56,36,20,3600.00,0.0000
157,56,48,1,121.44,0.1500
158,56,42,1,65.16,0.3000
159,56,2,2,75.60,0.0000
160,57,4,1,3100.00,0.3000
161,57,5,1,900.90,0.0000
162,57,36,1,4200.00,0.1000
163,58,8,20,139.92,0.0000
164,59,23,1,172.80,0.0000
165,59,13,3,1485.00,0.1500
166,59,16,10,70.56,0.1000
167,59,38,3,730.00,0.0000
168,59,3,5,837.90,0.1500
169,60,18,10,53.20,0.2000
170,60,23,2,190.08,0.1500
171,60,36,3,4200.00,0.2500
172,61,37,10,866.70,0.0000
173,62,13,5,1559.25,0.0000
174,62,19,20,1540.00,0.0000
175,62,24,1,99.56,0.3000
176,63,46,5,724.50,0.0000
177,63,9,10,2016.00,0.0000
178,63,48,5,121.44,0.2500
179,63,18,1,53.20,0.0000
180,63,11,2,510.30,0.0000
181,64,39,20,189.00,0.3000
182,64,24,20,99.56,0.1500
183,64,2,3,75.60,0.3000
184,64,27,20,691.60,0.1000
185,64,14,2,391.50,0.0000
186,65,1,2,2872.80,0.3000
187,66,22,1,925.00,0.2000
188,66,36,20,3800.00,0.1000
189,66,26,10,49.32,0.2500
190,66,40,1,72.00,0.0000
191,67,48,10,104.88,0.0000
192,68,1,20,2872.80,0.1000
193,69,29,3,1436.40,0.2500
194,69,9,10,2464.00,0.1000
195,69,19,2,1540.00,0.1500
196,70,18,2,61.60,0.3000
197,71,17,20,2906.40,0.0000
198,72,21,2,1522.80,0.2000
199,72,23,10,164.16,0.0500
200,72,8,1,127.20,0.2500
201,73,31,1,212.94,0.0000
202,73,28,10,3382.50,0.1000
203,73,42,1,72.40,0.0000
204,74,42,20,68.78,0.3000
205,74,46,3,759.00,0.0000
206,75,11,2,567.00,0.1500
207,76,29,10,1436.40,0.2500
208,76,7,20,147.84,0.2500
209,76,11,2,538.65,0.0500
210,76,24,1,115.28,0.2000
211,76,34,20,40.80,0.2000
212,77,40,2,64.80,0.1000
213,77,10,1,38.88,0.0500
214,77,47,2,112.80,0.0000
215,77,44,20,4147.50,0.3000
216,78,21,10,1861.20,0.3000
217,79,43,4,1359.75,0.0000
218,80,15,1,225.54,0.0000
219,81,32,4,102.96,0.0000
220,81,8,20,114.48,0.2000
221,81,28,20,3228.75,0.2000
222,81,39,3,220.50,0.0000
223,82,24,4,110.04,0.2000
224,82,19,2,1540.00,0.2000
225,83,36,4,3600.00,0.0500
226,83,42,1,76.02,0.0500
227,83,41,2,2000.00,0.2500
228,83,7,2,134.40,0.0500
229,84,30,1,504.00,0.1500
230,84,11,5,623.70,0.1000
231,84,9,5,2240.00,0.3000
232,85,16,3,70.56,0.2000
233,85,29,2,1231.20,0.1000
234,85,10,5,41.04,0.2500
235,85,15,20,236.28,0.2000
236,86,24,20,99.56,0.2000
237,86,22,5,971.25,0.0000
238,86,3,10,718.20,0.1500
239,87,33,5,2656.00,0.3000
240,87,12,10,2565.00,0.2000
241,87,45,1,1776.60,0.1000
242,87,10,1,43.20,0.2500
243,87,13,5,1559.25,0.2500
244,88,25,5,2246.40,0.0000
245,88,47,4,124.08,0.0000
246,88,8,2,127.20,0.0000
247,88,4,5,3410.00,0.2500
248,89,45,2,1607.40,0.1500
249,89,26,20,54.80,0.0500
250,89,47,1,124.08,0.3000
251,90,8,5,133.56,0.0000
252,90,32,3,108.68,0.0000
253,90,4,3,3100.00,0.0000
254,90,46,2,621.00,0.0500
255,91,3,1,798.00,0.0500
256,91,32,1,120.12,0.0000
257,91,26,20,52.06,0.0000
258,92,48,5,110.40,0.0000
259,92,11,4,538.65,0.3000
260,92,39,20,199.50,0.0000
261,92,40,10,75.60,0.1500
262,92,21,1,1776.60,0.1500
263,93,29,10,1504.80,0.2500
264,94,36,2,4400.00,0.0000
265,94,12,1,2565.00,0.0500
266,94,34,3,42.84,0.2500
267,94,7,2,147.84,0.0000
268,95,48,1,115.92,0.1000
269,95,47,2,101.52,0.0000
270,95,35,2,1216.95,0.1000
271,95,27,5,800.80,0.0000
272,96,15,1,225.54,0.0500
273,96,35,4,1152.90,0.3000
274,96,16,20,63.84,0.0500
275,96,3,2,877.80,0.2500
276,96,37,5,963.00,0.1500
277,97,27,2,728.00,0.1500
278,97,43,1,1424.50,0.3000
279,98,6,20,751.50,0.2000
280,98,32,20,114.40,0.0000
281,98,27,10,800.80,0.3000
282,98,12,20,2850.00,0.2500
283,98,19,4,1260.00,0.0000
284,99,45,10,1861.20,0.0500
285,99,39,3,199.50,0.3000
286,99,24,3,94.32,0.1500
287,99,4,2,3410.00,0.0000
288,100,11,5,623.70,0.0500
289,100,43,1,1230.25,0.0000
290,100,19,1,1400.00,0.0000
291,100,23,10,181.44,0.0000
292,100,4,4,3410.00,0.0000
293,101,48,2,104.88,0.2500
294,101,14,5,391.50,0.0500
295,102,1,5,2721.60,0.3000
296,103,36,10,4000.00,0.1000
297,103,8,3,133.56,0.0000
298,103,31,2,223.08,0.1000
299,104,16,20,73.92,0.1500
300,104,39,1,210.00,0.1500
301,104,34,2,40.80,0.0000
302,105,42,2,72.40,0.0000
303,105,32,10,120.12,0.0000
304,105,13,4,1559.25,0.1500
305,106,47,5,124.08,0.0000
306,106,34,1,42.84,0.3000
307,107,34,20,38.76,0.2000
308,107,16,2,63.84,0.0000
309,107,35,4,1409.10,0.2000
310,108,2,1,68.40,0.3000
311,109,27,1,764.40,0.0000
312,109,46,2,690.00,0.1500
313,110,9,3,2016.00,0.0000
314,111,9,1,2128.00,0.2000
315,111,28,10,2921.25,0.1000
316,112,26,20,52.06,0.1000
317,112,27,10,728.00,0.1500
318,112,38,2,657.00,0.3000
319,112,30,10,616.00,0.0000
320,113,21,2,1607.40,0.1500
321,113,36,20,4000.00,0.1000
322,113,40,3,64.80,0.1000
323,113,5,3,819.00,0.0500
324,113,12,4,2565.00,0.3000
325,114,2,2,79.20,0.0000
326,114,6,1,793.25,0.0500
327,114,13,1,1485.00,0.0000
328,115,25,2,2496.00,0.1500
329,115,29,2,1504.80,0.2000
330,115,4,2,2790.00,0.1000
331,115,44,1,4147.50,0.2000
332,115,11,2,510.30,0.0000
333,116,15,10,225.54,0.0000
334,116,39,10,210.00,0.0000
335,116,4,2,2945.00,0.0500
336,117,3,3,798.00,0.3000
337,117,29,5,1368.00,0.0000
338,117,33,1,2523.20,0.1000
339,117,14,5,391.50,0.0000
340,117,39,1,231.00,0.1500
341,118,30,1,560.00,0.2500
342,118,22,2,971.25,0.0000
343,119,20,1,2256.25,0.0000
344,119,4,2,2945.00,0.0500
345,119,37,1,866.70,0.0500
346,119,27,3,655.20,0.2000
347,119,46,2,690.00,0.0000
348,120,17,20,3044.80,0.0000
349,121,8,3,120.84,0.3000
350,121,38,2,766.50,0.0000
351,121,3,3,718.20,0.1500
352,121,48,10,115.92,0.0500
353,121,34,3,38.76,0.2500
354,122,39,3,220.50,0.0000
355,122,5,1,737.10,0.0000
356,123,1,1,3024.00,0.0000
357,123,8,3,120.84,0.0000
358,123,2,2,79.20,0.2000
359,123,17,1,2491.20,0.0500
360,124,27,4,691.60,0.2500
361,124,22,20,878.75,0.0000
362,124,44,2,3752.50,0.1500
363,124,31,1,202.80,0.2500
364,125,17,1,2768.00,0.3000
365,126,31,10,212.94,0.3000
366,126,7,4,127.68,0.0000
367,126,34,10,36.72,0.0500
368,126,44,1,4147.50,0.0000
369,127,37,20,1059.30,0.0500
370,127,23,1,181.44,0.1500
371,128,24,1,115.28,0.0500
372,128,48,5,121.44,0.0000
373,129,46,2,655.50,0.1000
374,129,36,3,3800.00,0.2000
375,129,10,1,45.36,0.0000
376,129,8,5,139.92,0.2000
377,130,5,5,900.90,0.2500
378,130,29,1,1231.20,0.2500
379,130,31,1,182.52,0.0500
380,130,11,5,538.65,0.0000
381,130,36,1,4400.00,0.0000
382,131,27,3,800.80,0.0000
383,131,35,1,1345.05,0.0000
384,131,43,5,1359.75,0.2000
385,131,28,3,2921.25,0.0000
386,132,24,2,94.32,0.0500
387,132,23,5,190.08,0.1000
388,133,6,4,876.75,0.3000
389,134,42,1,72.40,0.1500
390,134,4,1,3100.00,0.1500
391,134,6,10,751.50,0.1500
392,135,10,3,45.36,0.0000
393,135,38,1,657.00,0.0000
394,135,4,5,3410.00,0.3000
395,135,31,1,212.94,0.1500
396,136,2,3,64.80,0.1500
397,137,43,1,1295.00,0.3000
398,137,26,2,57.54,0.0000
399,137,47,1,101.52,0.1500
400,138,15,5,193.32,0.1500
401,138,35,3,1216.95,0.0000
402,138,46,4,621.00,0.3000
403,138,31,2,202.80,0.0000
404,139,47,1,112.80,0.0500
405,140,3,20,798.00,0.0500
406,140,41,5,2000.00,0.2000
407,141,15,2,193.32,0.0000
408,141,47,10,112.80,0.2500
409,141,39,5,231.00,0.0000
410,141,27,2,728.00,0.1000
411,142,19,10,1330.00,0.0500
412,143,37,20,914.85,0.0000
413,143,33,20,2921.60,0.0000
414,143,21,5,1607.40,0.2000
415,143,3,20,718.20,0.0000
416,144,46,1,621.00,0.0500
417,144,6,20,835.00,0.2500
418,144,24,4,94.32,0.0000
419,144,18,2,53.20,0.0500
420,145,13,10,1410.75,0.0000
421,145,22,2,832.50,0.0000
422,145,45,1,1607.40,0.0000
423,145,14,10,456.75,0.0000
424,146,47,1,112.80,0.3000
425,146,42,4,79.64,0.0000
426,147,35,1,1152.90,0.1000
427,147,3,2,877.80,0.0000
428,147,26,2,52.06,0.0500
429,147,31,10,223.08,0.0000
430,148,10,1,41.04,0.2000
431,148,8,5,133.56,0.0000
432,149,42,4,79.64,0.2000
433,149,8,2,133.56,0.2500
434,150,35,1,1409.10,0.1500
435,150,30,4,532.00,0.1000
436,150,36,1,3800.00,0.2000
437,150,10,4,43.20,0.1500
438,151,17,1,2629.60,0.2500
439,151,29,2,1504.80,0.0000
440,151,40,1,72.00,0.0000
441,151,2,20,72.00,0.0000
442,151,24,1,110.04,0.2000
443,152,1,2,2721.60,0.0000
444,153,10,20,41.04,0.0000
445,153,27,5,655.20,0.0000
446,154,45,3,1861.20,0.0000
447,154,21,5,1607.40,0.2500
448,154,11,5,510.30,0.3000
449,155,39,3,220.50,0.3000
450,155,9,20,2464.00,0.2500
451,155,17,2,2768.00,0.2000
452,156,1,1,3024.00,0.2000
453,157,43,10,1295.00,0.0000
454,157,4,5,3255.00,0.2000
455,158,45,2,1522.80,0.1500
456,158,8,5,127.20,0.0000
457,158,7,3,127.68,0.2000
458,158,28,1,3382.50,0.0000
459,158,27,2,655.20,0.0000
460,159,31,10,202.80,0.3000
461,159,13,5,1336.50,0.1000
462,160,30,1,560.00,0.1500
463,160,6,5,793.25,0.0500
464,160,45,1,1607.40,0.3000
465,161,18,1,61.60,0.2500
466,161,22,2,832.50,0.0000
467,161,30,5,588.00,0.3000
468,161,29,1,1299.60,0.2500
469,162,48,10,115.92,0.0000
470,162,2,4,72.00,0.3000
471,162,24,5,110.04,0.0500
472,163,28,1,2921.25,0.0000
473,164,41,20,2200.00,0.0000
474,165,29,4,1299.60,0.1500
475,165,8,3,120.84,0.0000
476,165,13,2,1559.25,0.0000
477,165,25,10,2620.80,0.0000
478,166,42,5,79.64,0.1000
479,166,38,5,803.00,0.1500
480,166,27,1,691.60,0.2000
481,166,43,1,1359.75,0.0500
482,166,13,1,1485.00,0.1500
483,167,16,20,60.48,0.3000
484,167,21,3,1607.40,0.2000
485,168,11,5,623.70,0.1000
486,169,37,20,1059.30,0.2000
487,169,29,1,1231.20,0.3000
488,169,8,1,133.56,0.0000
489,169,28,4,3382.50,0.0000
490,169,16,2,70.56,0.0000
491,170,28,2,3382.50,0.1000
492,170,42,1,76.02,0.1500
493,170,36,1,3600.00,0.1500
494,171,13,1,1559.25,0.2500
495,171,43,1,1230.25,0.1000
496,171,3,2,718.20,0.1000
497,171,16,3,67.20,0.2500
498,172,39,10,199.50,0.2000
499,173,1,1,3326.40,0.0500
500,173,14,20,435.00,0.0000
501,173,35,2,1345.05,0.0000
502,174,27,2,800.80,0.1000
503,174,34,1,40.80,0.1000
504,174,42,2,72.40,0.0000
505,174,10,4,45.36,0.0000
506,174,1,20,3024.00,0.3000
507,175,42,1,72.40,0.1500
508,175,23,20,190.08,0.0000
509,175,21,3,1692.00,0.0000
510,176,5,3,859.95,0.2500
511,176,14,5,456.75,0.3000
512,176,42,20,79.64,0.2500
513,177,9,1,2240.00,0.1500
514,178,4,1,2790.00,0.1500
515,178,19,1,1260.00,0.0000
516,178,8,2,127.20,0.2500
517,179,21,2,1861.20,0.0500
518,179,19,1,1400.00,0.2500
519,180,33,1,2788.80,0.1000
520,180,3,2,837.90,0.1000
521,180,9,2,2464.00,0.2000
522,180,26,2,60.28,0.0000
523,180,2,5,68.40,0.2500
524,181,31,1,192.66,0.1000
525,181,34,1,38.76,0.1500
526,181,29,4,1368.00,0.0500
527,182,23,1,172.80,0.1000
528,182,6,1,835.00,0.1000
529,182,2,3,64.80,0.0000
530,182,25,1,2745.60,0.2000
531,183,3,2,837.90,0.0000
532,183,8,4,120.84,0.0000
533,184,45,1,1776.60,0.2500
534,184,4,1,3100.00,0.0500
535,185,27,1,655.20,0.1500
536,186,3,1,718.20,0.2500
537,187,6,1,835.00,0.0000
538,187,24,5,99.56,0.3000
539,187,8,5,114.48,0.1500
540,187,23,10,172.80,0.1000
541,188,24,10,115.28,0.0500
542,188,29,4,1299.60,0.0500
543,189,12,2,3135.00,0.0000
544,189,31,1,202.80,0.3000
545,189,33,4,2390.40,0.1000
546,189,48,1,104.88,0.1500
547,190,33,10,2656.00,0.0500
548,190,14,1,413.25,0.0500
549,190,19,5,1330.00,0.1000
550,191,38,20,693.50,0.0000
551,191,28,2,3228.75,0.0000
552,191,19,20,1400.00,0.0000
553,191,45,2,1692.00,0.0000
554,192,23,3,172.80,0.1500
555,192,41,2,2100.00,0.0000
556,193,45,4,1861.20,0.2000
557,193,31,1,192.66,0.0000
558,193,25,4,2620.80,0.1000
559,193,28,5,3382.50,0.2500
560,194,47,2,124.08,0.0000
561,194,29,1,1231.20,0.2000
562,194,37,2,1059.30,0.2500
563,195,7,1,120.96,0.1500
564,195,6,1,876.75,0.1500
565,195,38,1,693.50,0.2000
566,195,16,5,67.20,0.2000
567,196,27,1,655.20,0.2000
568,196,25,2,2246.40,0.0000
569,197,16,10,70.56,0.0000
570,197,39,1,220.50,0.0500
571,197,29,5,1231.20,0.1000
572,198,46,1,759.00,0.2500
573,198,17,1,2906.40,0.0000
574,199,21,20,1522.80,0.1000
575,199,38,2,766.50,0.0000
576,199,10,10,45.36,0.3000
577,200,45,20,1861.20,0.1000
578,200,15,1,214.80,0.0000
579,200,39,1,220.50,0.1000
580,200,37,4,866.70,0.3000
581,200,42,2,68.78,0.3000
582,201,9,3,2128.00,0.0000
583,201,30,4,588.00,0.2500
584,201,10,1,47.52,0.3000
585,201,8,1,114.48,0.2000
586,201,18,4,50.40,0.0000
587,202,13,1,1485.00,0.2500
588,202,32,1,125.84,0.1500
589,202,46,3,621.00,0.2000
590,202,16,3,73.92,0.0000
591,203,26,2,54.80,0.1000
592,203,38,1,657.00,0.1000
593,203,8,3,139.92,0.2000
594,203,31,4,212.94,0.0500
595,203,28,10,2921.25,0.0000
596,204,15,1,204.06,0.2500
597,204,37,2,1059.30,0.2500
598,204,31,2,212.94,0.2000
599,204,4,3,2790.00,0.0000
600,205,4,1,3255.00,0.2500
601,205,34,10,44.88,0.3000
602,205,15,1,225.54,0.1500
603,206,48,3,110.40,0.0000
604,206,23,1,190.08,0.3000
605,206,12,20,2992.50,0.3000
606,207,36,1,4200.00,0.3000
607,208,43,1,1165.50,0.0000
608,209,25,2,2496.00,0.2000
609,210,7,2,134.40,0.1500
610,210,31,10,212.94,0.0000
611,210,43,3,1230.25,0.0000
612,210,3,10,877.80,0.0000
613,210,18,3,56.00,0.0500
614,211,44,20,4147.50,0.2500
615,211,16,3,73.92,0.0000
616,212,32,2,120.12,0.1500
617,212,7,4,141.12,0.1500
618,212,46,10,759.00,0.0500
619,213,2,1,68.40,0.0000
620,214,15,4,204.06,0.3000
621,214,47,3,101.52,0.2500
622,214,48,4,104.88,0.0500
623,214,9,3,2464.00,0.2500
624,214,31,2,212.94,0.0000
625,215,30,2,588.00,0.2000
626,215,8,1,120.84,0.0000
627,215,10,10,43.20,0.0000
628,216,47,1,112.80,0.0000
629,216,8,4,139.92,0.2500
630,216,10,1,38.88,0.0000
631,216,36,5,4000.00,0.0500
632,217,13,1,1336.50,0.2500
633,217,22,10,1017.50,0.1500
634,217,20,1,2375.00,0.0000
635,217,17,5,2629.60,0.0000
636,217,5,3,737.10,0.2500
637,218,16,2,73.92,0.2500
638,218,47,1,118.44,0.1500
639,218,26,1,54.80,0.0000
640,218,14,1,435.00,0.0500
641,218,37,1,1059.30,0.0000
642,219,12,1,2707.50,0.3000
643,219,30,10,616.00,0.0000
644,219,44,1,4345.00,0.0500
645,220,45,1,1776.60,0.0500
646,220,36,1,4400.00,0.2500
647,220,46,2,759.00,0.3000
648,220,25,2,2246.40,0.3000
649,221,22,20,1017.50,0.0000
650,221,41,1,2000.00,0.3000
651,221,8,1,133.56,0.2000
652,222,14,2,435.00,0.2000
653,222,29,3,1436.40,0.2500
654,222,38,2,657.00,0.0000
655,222,7,2,134.40,0.2500
656,222,18,10,61.60,0.0500
657,223,19,1,1470.00,0.0000
658,223,48,20,121.44,0.0500
659,224,23,4,164.16,0.1000
660,224,11,1,567.00,0.0000
661,224,35,2,1281.00,0.1000
662,225,15,3,193.32,0.2500
663,226,33,5,2390.40,0.0000
664,226,15,1,225.54,0.3000
665,227,28,4,3075.00,0.1000
666,227,25,2,2371.20,0.3000
667,228,8,4,120.84,0.0000
668,228,37,4,914.85,0.0500
669,228,21,20,1776.60,0.2000
670,228,14,5,435.00,0.0000
671,229,9,1,2464.00,0.0000
672,230,4,3,3255.00,0.0000
673,231,5,2,900.90,0.2000
674,231,34,1,36.72,0.1000
675,232,40,2,75.60,0.0000
676,232,43,5,1230.25,0.0500
677,232,18,4,58.80,0.0000
678,232,44,5,4345.00,0.0000
679,233,17,1,2629.60,0.0500
680,233,47,20,112.80,0.3000
681,233,1,4,3175.20,0.2500
682,233,31,1,182.52,0.0500
683,233,2,10,75.60,0.2000
684,234,10,2,38.88,0.0000
685,234,17,2,2768.00,0.1000
686,234,6,1,876.75,0.1500
687,234,1,2,2721.60,0.0000
688,234,13,1,1410.75,0.0500
689,235,45,10,1522.80,0.0500
690,235,17,4,2629.60,0.2000
691,235,29,1,1299.60,0.2000
692,235,48,1,110.40,0.1500
693,235,12,4,2992.50,0.0000
694,236,1,2,3175.20,0.3000
695,236,39,1,231.00,0.0000
696,237,13,1,1633.50,0.2000
697,237,23,2,155.52,0.3000
698,237,12,3,2707.50,0.1000
699,237,30,1,560.00,0.3000
700,238,45,2,1861.20,0.0000
701,238,38,2,766.50,0.3000
702,239,36,2,3600.00,0.0000
703,240,20,4,2612.50,0.1000
704,240,6,1,918.50,0.0000
705,240,8,4,127.20,0.2500
706,240,28,2,2921.25,0.0000
707,240,24,2,94.32,0.0000
708,241,10,2,45.36,0.3000
709,241,28,4,3075.00,0.0000
710,241,7,3,134.40,0.2500
711,241,8,20,127.20,0.0500
712,242,1,1,2872.80,0.1000
713,242,26,3,60.28,0.0000
714,242,13,10,1336.50,0.2000
715,242,7,10,127.68,0.2000
716,243,39,1,231.00,0.0000
717,243,21,2,1692.00,0.2000
718,243,44,2,3555.00,0.1000
719,243,7,3,134.40,0.0000
720,244,17,3,3044.80,0.0000
721,244,25,2,2246.40,0.1500
722,244,36,1,4400.00,0.2500
723,244,31,3,212.94,0.1500
724,244,48,4,104.88,0.0000
725,245,12,4,2992.50,0.3000
726,245,48,1,110.40,0.1000
727,245,30,20,532.00,0.0000
728,245,31,4,192.66,0.3000
729,246,48,2,121.44,0.2500
730,247,18,1,61.60,0.2500
731,247,13,2,1633.50,0.1500
732,247,30,1,588.00,0.1000
733,248,2,3,75.60,0.0000
734,248,48,5,104.88,0.1500
735,248,18,2,50.40,0.2000
736,248,22,1,971.25,0.2000
737,248,35,4,1345.05,0.3000
738,249,38,20,657.00,0.1000
739,249,3,1,837.90,0.0500
740,250,30,1,588.00,0.0000
741,250,8,2,139.92,0.0000
742,250,15,1,236.28,0.2500
743,251,42,20,65.16,0.1500
744,251,48,3,110.40,0.2000
745,251,37,20,1059.30,0.0000
746,252,48,4,104.88,0.1500
747,253,44,1,3752.50,0.2000
748,253,21,20,1776.60,0.1000
749,253,1,2,3024.00,0.0000
750,253,16,5,63.84,0.3000
751,253,31,3,192.66,0.0500
752,254,40,1,64.80,0.0000
753,254,12,10,2850.00,0.3000
754,255,9,20,2240.00,0.0000
755,256,3,1,758.10,0.2500
756,256,17,10,2629.60,0.0000
757,256,47,1,112.80,0.3000
758,257,48,20,104.88,0.0000
759,257,19,20,1330.00,0.2000
760,258,35,2,1409.10,0.0500
761,258,43,5,1424.50,0.1500
762,258,40,2,68.40,0.1000
763,259,5,4,778.05,0.0000
764,259,37,4,1059.30,0.0000
765,259,7,20,141.12,0.0500
766,259,48,1,99.36,0.0500
767,259,25,10,2620.80,0.0000
768,260,12,2,2707.50,0.1000
769,260,36,10,4400.00,0.0500
770,260,21,20,1861.20,0.1000
771,260,43,5,1424.50,0.1500
772,260,32,20,125.84,0.1500
773,261,17,1,2906.40,0.1500
774,261,29,10,1299.60,0.0500
775,261,13,20,1336.50,0.0000
776,262,30,2,504.00,0.2500
777,262,2,1,64.80,0.0000
778,262,4,5,3255.00,0.3000
779,262,24,20,94.32,0.1000
780,262,12,2,2992.50,0.0000
781,263,19,2,1260.00,0.0000
782,263,41,20,1900.00,0.0000
783,263,35,1,1152.90,0.0000
784,264,17,2,3044.80,0.2000
785,265,8,2,120.84,0.2500
786,265,32,20,120.12,0.1000
787,265,39,1,199.50,0.2000
788,266,33,1,2656.00,0.1500
789,266,25,10,2496.00,0.0500
790,266,43,4,1165.50,0.1500
791,267,48,2,115.92,0.0000
792,268,7,2,120.96,0.2500
793,268,27,2,655.20,0.0000
794,269,39,10,199.50,0.2000
795,269,1,20,2721.60,0.1000
796,269,11,3,567.00,0.0000
797,269,30,2,588.00,0.0000
798,270,19,4,1330.00,0.2000
799,270,41,5,2000.00,0.0000
800,270,48,20,99.36,0.1000
801,271,20,5,2137.50,0.1500
802,271,44,1,4147.50,0.0000
803,272,30,1,616.00,0.0000
804,272,37,2,963.00,0.3000
805,273,22,10,878.75,0.1500
806,273,3,20,718.20,0.1500
807,273,13,2,1559.25,0.0500
808,273,7,3,120.96,0.0000
809,274,4,1,2790.00,0.1000
810,274,24,1,104.80,0.0000
811,274,22,2,1017.50,0.1500
812,275,24,5,94.32,0.1000
813,275,37,5,1059.30,0.2500
814,276,41,20,2200.00,0.1500
815,276,13,1,1559.25,0.0500
816,276,9,1,2352.00,0.3000
817,276,37,4,866.70,0.0000
818,276,26,10,57.54,0.1500
819,277,4,5,3100.00,0.0500
820,277,15,3,214.80,0.2500
821,277,16,1,67.20,0.1000
822,277,38,2,657.00,0.0000
823,278,8,1,120.84,0.0500
824,279,18,3,53.20,0.0000
825,280,9,2,2352.00,0.2500
826,281,39,2,189.00,0.0000
827,281,21,1,1607.40,0.2500
828,281,41,5,1900.00,0.2000
829,281,35,20,1409.10,0.2000
830,282,8,5,114.48,0.2500
831,282,9,3,2352.00,0.1000
832,283,17,1,2491.20,0.0000
833,283,28,3,3228.75,0.3000
834,283,6,1,835.00,0.0000
835,283,3,1,798.00,0.1500
836,284,4,1,2790.00,0.1500
837,284,47,2,118.44,0.1000
838,284,46,4,655.50,0.2000
839,284,17,10,2768.00,0.2000
840,284,20,2,2612.50,0.1500
841,285,21,5,1861.20,0.2000
842,286,4,1,2790.00,0.1000
843,287,37,10,914.85,0.3000
844,287,46,2,690.00,0.1500
845,287,11,1,510.30,0.1000
846,287,17,1,2491.20,0.1500
847,288,6,2,918.50,0.2000
848,288,36,1,3600.00,0.0000
849,288,17,4,2768.00,0.2000
850,288,27,2,800.80,0.1000
851,288,24,1,99.56,0.0500
852,289,35,2,1409.10,0.0000
853,289,5,1,859.95,0.3000
854,289,24,4,104.80,0.3000
855,290,3,5,718.20,0.0000
856,290,23,1,172.80,0.1000
857,290,2,1,75.60,0.0500
858,290,9,20,2464.00,0.0500
859,290,4,2,2945.00,0.1000
860,291,33,10,2788.80,0.1000
861,291,27,2,764.40,0.2000
862,292,16,1,63.84,0.3000
863,292,21,1,1861.20,0.1000
864,292,48,1,115.92,0.1000
865,292,43,1,1165.50,0.1000
866,292,23,10,155.52,0.0000
867,293,39,10,220.50,0.2500
868,293,25,4,2620.80,0.0000
869,293,6,10,793.25,0.3000
870,293,11,20,623.70,0.0500
871,293,37,2,866.70,0.0500
872,294,13,10,1410.75,0.0000
873,294,43,2,1359.75,0.0000
874,294,4,2,3255.00,0.0000
875,294,18,4,56.00,0.0000
876,294,36,10,4200.00,0.0000
877,295,39,1,189.00,0.3000
878,295,48,10,99.36,0.0000
879,295,1,2,2721.60,0.0000
880,295,3,1,718.20,0.0000
881,296,9,20,2352.00,0.1000
882,296,38,2,693.50,0.3000
883,296,1,1,2872.80,0.2500
884,296,7,1,141.12,0.0500
885,296,6,3,751.50,0.0000
886,297,12,20,2992.50,0.0500
887,297,31,3,212.94,0.3000
888,298,46,1,621.00,0.3000
889,298,17,10,2906.40,0.1000
890,298,5,2,900.90,0.0000
891,298,19,1,1260.00,0.0000
892,298,34,20,40.80,0.3000
893,299,4,5,2945.00,0.0500
894,299,11,1,623.70,0.3000
895,299,24,3,94.32,0.2000
896,300,18,5,58.80,0.2000
897,300,15,2,214.80,0.0000
898,301,48,1,121.44,0.0000
899,301,6,10,793.25,0.2000
900,301,42,5,79.64,0.1000
901,302,4,5,3100.00,0.2500
902,302,37,1,1059.30,0.0000
903,302,25,1,2371.20,0.0000
904,303,35,1,1152.90,0.1500
905,304,5,5,900.90,0.0000
906,304,24,1,104.80,0.1500
907,305,40,2,72.00,0.2500
908,305,25,1,2371.20,0.1000
909,305,16,2,73.92,0.0500
910,305,26,1,54.80,0.2500
911,305,24,5,115.28,0.1500
912,306,13,1,1559.25,0.0000
913,307,42,1,72.40,0.0500
914,307,25,1,2496.00,0.0500
915,307,13,20,1485.00,0.3000
916,307,19,2,1540.00,0.0000
917,307,2,2,72.00,0.0500
918,308,35,3,1345.05,0.0000
919,309,8,3,127.20,0.3000
920,309,28,4,3075.00,0.1000
921,309,4,20,3410.00,0.2500
922,310,19,20,1470.00,0.1000
923,310,39,1,231.00,0.0000
924,310,36,20,3800.00,0.0000
925,310,30,2,588.00,0.0500
926,311,36,1,3600.00,0.2000
927,311,29,1,1231.20,0.0000
928,312,38,4,803.00,0.1500
929,312,5,4,737.10,0.2500
930,312,21,2,1607.40,0.0000
931,313,37,20,963.00,0.0000
932,313,21,1,1692.00,0.2000
933,314,17,1,2629.60,0.0000
934,314,29,2,1504.80,0.0000
935,314,8,2,120.84,0.3000
936,315,48,2,104.88,0.0000
937,316,46,1,724.50,0.3000
938,316,7,1,141.12,0.1000
939,316,3,4,718.20,0.0000
940,316,1,4,3175.20,0.0000
941,317,35,1,1409.10,0.1000
942,317,12,20,2707.50,0.1500
943,318,5,1,778.05,0.2000
944,318,36,3,3800.00,0.0000
945,318,8,20,139.92,0.1500
946,318,18,10,61.60,0.2500
947,318,19,1,1540.00,0.0000
948,319,41,10,1800.00,0.1000
949,319,10,2,43.20,0.0000
950,320,20,5,2256.25,0.2500
951,320,37,1,963.00,0.2000
952,320,30,1,560.00,0.2000
953,321,19,20,1260.00,0.3000
954,321,1,1,3024.00,0.0000
955,321,13,3,1336.50,0.0000
956,321,25,5,2371.20,0.0500
957,321,20,20,2256.25,0.2000
958,322,14,2,456.75,0.0000
959,322,5,2,737.10,0.1000
960,322,10,1,41.04,0.0000
961,322,31,3,182.52,0.2000
962,323,12,1,2707.50,0.2500
963,324,5,4,737.10,0.1000
964,324,46,20,759.00,0.3000
965,324,37,1,914.85,0.1500
966,324,3,2,837.90,0.3000
967,325,10,1,47.52,0.2000
968,325,5,3,819.00,0.0000
969,325,33,5,2656.00,0.0000
970,326,40,1,75.60,0.2000
971,326,37,2,963.00,0.3000
972,327,5,10,900.90,0.2000
973,327,36,5,3800.00,0.1500
974,328,33,1,2390.40,0.3000
975,328,8,2,139.92,0.0000
976,328,34,1,44.88,0.0000
977,329,38,1,766.50,0.0000
978,329,8,1,139.92,0.0000
979,330,14,3,435.00,0.0500
980,330,7,20,134.40,0.1500
981,330,35,1,1152.90,0.2500
982,330,34,1,38.76,0.1500
983,331,32,2,120.12,0.0500
984,331,24,20,110.04,0.0000
985,331,17,2,2491.20,0.3000
986,332,9,10,2464.00,0.0000
987,333,42,4,68.78,0.3000
988,334,9,1,2240.00,0.0000
989,334,2,4,68.40,0.3000
990,334,31,1,202.80,0.0000
991,335,39,5,199.50,0.0000
992,335,21,20,1522.80,0.1000
993,335,47,2,112.80,0.3000
994,336,7,1,120.96,0.3000
995,336,13,2,1336.50,0.0000
996,336,43,20,1230.25,0.2500
997,337,16,20,63.84,0.0000
998,338,16,20,73.92,0.0000
999,339,22,1,832.50,0.0000
1000,339,46,10,655.50,0.0500
1001,339,4,20,3410.00,0.1000
1002,340,31,10,223.08,0.0000
1003,340,15,20,214.80,0.0500
1004,340,11,4,510.30,0.2500
1005,340,33,1,2788.80,0.2500
1006,341,39,1,189.00,0.2500
1007,342,35,4,1345.05,0.2000
1008,343,48,2,110.40,0.1000
1009,343,38,2,730.00,0.0500
1010,343,20,5,2493.75,0.0000
1011,343,5,1,778.05,0.3000
1012,344,16,2,67.20,0.1500
1013,344,14,20,478.50,0.3000
1014,344,46,10,724.50,0.3000
1015,344,44,3,4345.00,0.0000
1016,344,39,5,220.50,0.2500
1017,345,48,4,121.44,0.2000
1018,345,12,1,2850.00,0.2000
1019,346,20,10,2375.00,0.1000
1020,347,17,10,2491.20,0.0000
1021,348,43,1,1359.75,0.1500
1022,348,9,1,2464.00,0.1500
1023,348,23,1,190.08,0.3000
1024,349,47,20,112.80,0.0500
1025,349,29,3,1368.00,0.1000
1026,350,32,10,114.40,0.0500
1027,350,18,5,58.80,0.1500
1028,350,46,2,655.50,0.2000
1029,350,12,1,2565.00,0.1000
1030,350,22,2,878.75,0.3000
1031,351,22,1,832.50,0.2000
1032,351,46,3,759.00,0.0000
1033,352,28,1,2921.25,0.2500
1034,352,40,10,75.60,0.0000
1035,353,32,20,102.96,0.1000
1036,353,2,20,72.00,0.0000
1037,353,48,2,104.88,0.2000
1038,353,22,2,832.50,0.0000
1039,354,11,2,623.70,0.1500
1040,354,25,1,2496.00,0.1500
1041,354,35,10,1281.00,0.3000
1042,354,17,5,3044.80,0.2000
1043,354,6,1,751.50,0.0000
1044,355,47,10,101.52,0.0000
1045,356,42,1,76.02,0.2500
1046,356,43,1,1165.50,0.1500
1047,356,27,1,800.80,0.0000
1048,357,28,3,3228.75,0.1500
1049,357,14,5,478.50,0.0000
1050,357,29,4,1436.40,0.1500
1051,357,46,5,621.00,0.2000
1052,358,3,2,798.00,0.3000
1053,358,20,10,2375.00,0.0000
1054,358,30,20,532.00,0.3000
1055,359,25,10,2620.80,0.1500
1056,360,30,10,560.00,0.3000
1057,360,8,3,120.84,0.3000
1058,360,42,1,79.64,0.1000
1059,360,39,1,220.50,0.1000
1060,361,25,2,2745.60,0.1500
1061,361,13,1,1633.50,0.3000
1062,361,45,20,1776.60,0.0000
1063,362,19,1,1470.00,0.1500
1064,362,26,2,54.80,0.0500
1065,362,42,3,68.78,0.1000
1066,363,36,10,4000.00,0.2500
1067,363,7,5,134.40,0.0500
1068,364,4,1,3255.00,0.0000
1069,365,26,10,57.54,0.2500
1070,366,27,10,764.40,0.0000
1071,367,24,2,99.56,0.0000
1072,367,35,20,1281.00,0.0000
1073,367,26,20,49.32,0.1500
1074,367,40,1,68.40,0.0000
1075,368,32,1,120.12,0.0000
1076,368,1,3,3024.00,0.0000
1077,369,2,5,72.00,0.2500
1078,369,13,1,1559.25,0.0000
1079,369,46,1,690.00,0.0000
1080,370,8,3,133.56,0.1500
1081,370,10,2,38.88,0.0000
1082,370,17,3,2768.00,0.0000
1083,371,47,4,107.16,0.2000
1084,372,48,20,115.92,0.0000
1085,372,7,2,120.96,0.1500
1086,372,11,1,538.65,0.2500
1087,372,34,3,36.72,0.1000
1088,372,26,10,57.54,0.1000
1089,373,24,1,115.28,0.2000
1090,373,16,2,70.56,0.0000
1091,373,36,2,3600.00,0.0500
1092,373,10,20,38.88,0.1000
1093,373,8,2,139.92,0.1000
1094,374,32,3,125.84,0.0500
1095,374,33,5,2788.80,0.0000
1096,374,39,3,199.50,0.2000
1097,375,27,20,764.40,0.2000
1098,375,23,20,155.52,0.0000
1099,375,4,4,2945.00,0.1500
1100,376,22,10,925.00,0.1500
1101,376,21,2,1776.60,0.2500
1102,376,1,10,3326.40,0.0500
1103,376,41,1,2000.00,0.2500
1104,377,17,4,3044.80,0.2000
1105,377,18,4,56.00,0.1000
1106,377,39,4,231.00,0.0500
1107,378,3,1,758.10,0.0000
1108,378,44,2,3752.50,0.2500
1109,378,2,1,64.80,0.0000
1110,378,31,20,212.94,0.3000
1111,379,19,5,1470.00,0.0000
1112,379,20,2,2256.25,0.2500
1113,379,39,3,189.00,0.0000
1114,379,17,2,2768.00,0.1500
1115,379,40,20,64.80,0.0000
1116,380,40,3,68.40,0.2000
1117,380,6,3,876.75,0.0500
1118,380,15,1,214.80,0.0000
1119,380,19,20,1470.00,0.0000
1120,381,40,1,75.60,0.1500
1121,381,22,10,971.25,0.1500
1122,381,45,1,1776.60,0.3000
1123,381,24,3,94.32,0.1000
1124,382,28,3,2921.25,0.0000
1125,382,16,20,70.56,0.1500
1126,383,43,4,1165.50,0.0500
1127,383,32,10,120.12,0.0000
1128,384,42,20,65.16,0.1500
1129,384,46,20,655.50,0.0000
1130,384,35,1,1409.10,0.0500
1131,384,23,3,181.44,0.2000
1132,384,19,3,1400.00,0.0000
1133,385,16,1,60.48,0.2000
1134,385,43,4,1165.50,0.2500
1135,385,45,20,1861.20,0.2000
1136,386,44,1,4345.00,0.1000
1137,387,7,2,134.40,0.0000
1138,387,34,5,36.72,0.0500
1139,387,36,20,4000.00,0.3000
1140,387,17,3,2491.20,0.0000
1141,388,41,1,2100.00,0.3000
1142,388,44,10,3555.00,0.0500
1143,388,4,1,2790.00,0.0000
1144,388,29,5,1231.20,0.2000
1145,389,36,2,4200.00,0.1000
1146,389,25,2,2620.80,0.3000
1147,389,23,4,181.44,0.2000
1148,389,11,3,538.65,0.1500
1149,389,39,1,189.00,0.0000
1150,390,15,4,236.28,0.0000
1151,391,35,10,1152.90,0.1000
1152,391,3,1,718.20,0.0000
1153,391,29,20,1299.60,0.0000
1154,391,41,2,2200.00,0.0000
1155,392,34,2,44.88,0.3000
1156,392,24,2,94.32,0.3000
1157,392,9,1,2464.00,0.0000
1158,392,14,5,413.25,0.0000
1159,392,43,20,1165.50,0.1000
1160,393,30,5,616.00,0.1500
1161,393,8,2,120.84,0.2500
1162,393,44,3,4147.50,0.2000
1163,393,4,20,2790.00,0.1000
1164,394,25,1,2620.80,0.2500
1165,394,34,10,42.84,0.2500
1166,394,43,5,1359.75,0.0500
1167,394,33,20,2523.20,0.1000
1168,394,6,2,876.75,0.0500
1169,395,2,4,68.40,0.0500
1170,395,39,1,189.00,0.2000
1171,396,25,4,2371.20,0.2000
1172,396,33,1,2523.20,0.1500
1173,396,12,1,2707.50,0.2000
1174,397,27,2,655.20,0.1000
1175,398,28,5,3382.50,0.1000
1176,398,38,5,730.00,0.0500
1177,398,29,1,1368.00,0.0000
1178,398,31,20,202.80,0.1500
1179,398,46,2,655.50,0.1500
1180,399,22,20,1017.50,0.2500
1181,400,25,2,2620.80,0.1500
1182,400,14,1,435.00,0.2000
1183,400,13,4,1336.50,0.0000
1184,400,16,4,70.56,0.0000
1185,401,1,4,2872.80,0.1000
1186,401,47,1,112.80,0.2000
1187,402,2,3,79.20,0.0000
1188,402,7,1,127.68,0.1000
1189,402,42,2,79.64,0.2000
1190,402,20,5,2612.50,0.0000
1191,402,18,1,61.60,0.0000
1192,403,2,10,64.80,0.2500
1193,403,47,1,107.16,0.2500
1194,403,46,1,724.50,0.0000
1195,403,30,4,588.00,0.2000
1196,404,32,1,108.68,0.2500
1197,404,38,20,766.50,0.0000
1198,404,22,1,878.75,0.0500
1199,405,44,20,4147.50,0.0000
1200,406,15,1,214.80,0.0500
1201,406,37,10,914.85,0.0500
1202,406,32,1,120.12,0.1500
1203,407,43,1,1230.25,0.2000
1204,408,34,10,40.80,0.3000
1205,408,48,4,115.92,0.0000
1206,409,36,4,4400.00,0.1500
1207,409,27,2,764.40,0.2500
1208,409,6,2,835.00,0.1000
1209,409,16,4,70.56,0.2500
1210,409,41,10,2000.00,0.0000
1211,410,40,1,79.20,0.0000
1212,410,38,4,766.50,0.1000
1213,410,46,2,690.00,0.0500
1214,410,1,1,3024.00,0.2000
1215,411,2,2,75.60,0.0000
1216,411,16,20,67.20,0.2000
1217,411,33,10,2523.20,0.2500
1218,412,14,2,478.50,0.0000
1219,412,5,10,859.95,0.1500
1220,412,17,5,2491.20,0.0000
1221,412,29,1,1504.80,0.1500
1222,412,18,1,61.60,0.0000
1223,413,14,10,478.50,0.1000
1224,414,23,1,155.52,0.0000
1225,415,34,2,40.80,0.1500
1226,415,9,1,2352.00,0.0000
1227,416,29,5,1436.40,0.1000
1228,416,31,4,202.80,0.2500
1229,416,22,1,832.50,0.0000
1230,416,37,3,1011.15,0.0000
1231,417,37,3,866.70,0.2500
1232,417,38,1,693.50,0.0000
1233,417,2,2,68.40,0.0500
1234,417,35,1,1281.00,0.1500
1235,418,4,10,3100.00,0.3000
1236,418,23,3,155.52,0.2500
1237,419,41,1,2100.00,0.3000
1238,419,6,5,751.50,0.0500
1239,420,33,20,2788.80,0.2500
1240,421,29,3,1231.20,0.0000
1241,421,27,2,764.40,0.0000
1242,421,24,5,110.04,0.2000
1243,421,12,1,2565.00,0.0000
1244,422,34,3,40.80,0.0500
1245,423,19,10,1400.00,0.0500
1246,423,4,1,2790.00,0.0000
1247,424,25,2,2246.40,0.1000
1248,424,36,20,4400.00,0.0000
1249,425,7,1,141.12,0.2000
1250,425,20,1,2137.50,0.0500
1251,425,15,1,225.54,0.2500
1252,426,1,4,3175.20,0.0000
1253,427,33,2,2523.20,0.2000
1254,428,1,2,2872.80,0.0500
1255,429,7,1,147.84,0.0500
1256,430,3,2,718.20,0.0000
1257,430,18,2,50.40,0.1500
1258,430,12,2,2992.50,0.1500
1259,430,7,4,141.12,0.0500
1260,430,26,10,52.06,0.1000
1261,431,33,10,2656.00,0.0000
1262,431,2,2,75.60,0.2500
1263,431,36,1,3800.00,0.0500
1264,432,34,1,42.84,0.2500
1265,432,33,1,2788.80,0.0000
1266,433,21,5,1607.40,0.2500
1267,434,47,1,124.08,0.2000
1268,434,3,10,877.80,0.0000
1269,435,41,20,2200.00,0.0500
1270,435,40,10,72.00,0.1000
1271,435,22,2,925.00,0.2000
1272,436,21,2,1692.00,0.0000
1273,437,39,1,231.00,0.3000
1274,437,27,1,764.40,0.0000
1275,437,6,2,835.00,0.1000
1276,438,47,4,101.52,0.0000
1277,438,45,1,1692.00,0.3000
1278,438,11,10,623.70,0.0000
1279,439,43,2,1359.75,0.0500
1280,439,4,4,2945.00,0.0000
1281,440,10,2,45.36,0.0000
1282,440,15,4,236.28,0.0000
1283,440,32,3,120.12,0.0500
1284,440,45,3,1522.80,0.2000
1285,440,37,3,963.00,0.3000
1286,441,2,3,79.20,0.0000
1287,441,48,1,115.92,0.0000
1288,442,23,2,164.16,0.1500
1289,442,41,2,2100.00,0.0000
1290,442,31,2,212.94,0.3000
1291,442,38,5,693.50,0.1500
1292,442,22,3,925.00,0.0000
1293,443,37,1,1059.30,0.0000
1294,443,2,20,64.80,0.0500
1295,443,33,5,2921.60,0.2000
1296,444,3,1,758.10,0.2500
1297,444,24,1,115.28,0.2500
1298,444,35,20,1409.10,0.0000
1299,445,28,2,2921.25,0.2000
1300,446,5,10,859.95,0.2500
1301,446,8,2,120.84,0.0000
1302,446,45,4,1607.40,0.0500
1303,447,10,10,43.20,0.0000
1304,447,27,4,655.20,0.3000
1305,447,22,1,832.50,0.2500
1306,447,41,1,1900.00,0.1500
1307,448,2,1,68.40,0.1500
1308,448,26,1,57.54,0.1000
1309,448,10,4,45.36,0.0000
1310,448,37,3,1011.15,0.1500
1311,449,3,4,718.20,0.2000
1312,449,29,20,1436.40,0.1000
1313,449,34,2,40.80,0.3000
1314,449,46,3,759.00,0.3000
1315,450,11,3,623.70,0.2500
1316,451,3,10,758.10,0.0000
1317,452,35,4,1216.95,0.1500
1318,452,34,20,36.72,0.0500
1319,452,47,20,112.80,0.1500
1320,453,19,10,1400.00,0.0500
1321,453,15,1,236.28,0.0000
1322,453,10,4,38.88,0.1500
1323,453,38,20,657.00,0.1500
1324,453,7,1,141.12,0.3000
1325,454,44,1,4147.50,0.0000
1326,454,15,2,204.06,0.0000
1327,454,45,4,1861.20,0.0000
1328,455,13,2,1410.75,0.0000
1329,455,1,1,3175.20,0.2500
1330,455,43,1,1295.00,0.0000
1331,455,36,2,3800.00,0.1000
1332,455,12,1,2707.50,0.0000
1333,456,26,2,52.06,0.2500
1334,456,39,4,199.50,0.0500
1335,456,16,3,70.56,0.2000
1336,456,29,1,1436.40,0.1500
1337,456,37,3,866.70,0.0000
1338,457,23,2,164.16,0.2000
1339,457,33,1,2523.20,0.1000
1340,457,43,10,1295.00,0.1500
1341,458,38,3,766.50,0.3000
1342,458,25,3,2745.60,0.0000
1343,459,25,2,2496.00,0.0500
1344,459,15,4,214.80,0.2500
1345,460,17,1,2768.00,0.2500
1346,460,4,2,3255.00,0.3000
1347,460,11,4,595.35,0.0500
1348,460,37,1,963.00,0.0000
1349,461,32,2,108.68,0.0000
1350,461,4,1,3410.00,0.0000
1351,461,19,2,1470.00,0.3000
1352,461,41,10,2000.00,0.2500
1353,461,20,1,2137.50,0.1500
1354,462,14,2,435.00,0.2000
1355,463,46,3,690.00,0.1500
1356,463,10,2,43.20,0.3000
1357,463,45,1,1522.80,0.2000
1358,463,22,4,878.75,0.1000
1359,463,39,1,199.50,0.0500
1360,464,19,4,1400.00,0.0000
1361,464,21,2,1861.20,0.0000
1362,465,13,3,1633.50,0.0000
1363,465,14,1,456.75,0.0000
1364,465,9,20,2352.00,0.0000
1365,465,40,10,79.20,0.2500
1366,466,48,1,104.88,0.0500
1367,466,29,3,1504.80,0.0000
1368,466,37,10,1059.30,0.1000
1369,467,31,10,192.66,0.2500
1370,467,26,1,54.80,0.0000
1371,467,44,4,3752.50,0.1500
1372,468,20,1,2612.50,0.0000
1373,468,34,10,40.80,0.0500
1374,468,39,1,220.50,0.0500
1375,468,29,4,1504.80,0.1500
1376,469,38,2,657.00,0.0000
1377,469,20,20,2493.75,0.3000
1378,469,23,10,164.16,0.1500
1379,469,36,20,3600.00,0.0000
1380,470,36,4,3800.00,0.3000
1381,470,29,1,1231.20,0.1500
1382,470,45,5,1522.80,0.2000
1383,470,10,5,38.88,0.2000
1384,470,41,2,1900.00,0.1000
1385,471,45,1,1692.00,0.1500
1386,471,23,1,181.44,0.2000
1387,471,21,1,1607.40,0.0000
1388,471,8,5,133.56,0.0000
1389,472,13,4,1633.50,0.1500
1390,472,9,20,2464.00,0.0000
1391,472,26,10,57.54,0.3000
1392,473,44,2,3950.00,0.1500
1393,473,21,1,1692.00,0.2000
1394,473,19,1,1330.00,0.2000
1395,473,41,5,2100.00,0.2000
1396,473,13,2,1633.50,0.1000
1397,474,10,1,45.36,0.3000
1398,474,18,1,58.80,0.1500
1399,475,45,2,1861.20,0.0000
1400,475,41,2,2100.00,0.1000
1401,475,39,1,189.00,0.0500
1402,475,28,10,3382.50,0.0000
1403,475,1,1,2872.80,0.0000
1404,476,44,2,4147.50,0.0500
1405,477,9,4,2240.00,0.3000
1406,477,17,2,3044.80,0.1000
1407,477,16,20,73.92,0.0000
1408,477,35,20,1281.00,0.0000
1409,477,44,4,3555.00,0.0000
1410,478,10,2,38.88,0.1000
1411,478,33,2,2921.60,0.0000
1412,478,12,20,2850.00,0.0000
1413,479,21,20,1776.60,0.0500
1414,479,11,5,567.00,0.0000
1415,480,42,2,76.02,0.3000
1416,480,44,3,4345.00,0.0000
1417,481,15,3,225.54,0.2000
1418,481,39,5,220.50,0.3000
1419,481,5,1,737.10,0.1500
1420,481,23,5,190.08,0.1500
1421,481,45,4,1692.00,0.3000
1422,482,37,2,866.70,0.1000
1423,483,19,10,1330.00,0.2000
1424,483,37,10,914.85,0.1500
1425,483,42,1,79.64,0.1500
1426,483,20,10,2375.00,0.0000
1427,483,23,20,172.80,0.0000
1428,484,40,1,68.40,0.2500
1429,484,20,1,2375.00,0.0000
1430,484,41,4,2100.00,0.0000
1431,484,7,3,147.84,0.0500
1432,484,12,5,2992.50,0.0000
1433,485,9,20,2016.00,0.3000
1434,485,47,2,118.44,0.1500
1435,485,20,10,2612.50,0.0000
1436,485,19,2,1260.00,0.1500
1437,486,24,1,110.04,0.3000
1438,486,48,5,115.92,0.0500
1439,486,35,4,1216.95,0.0000
1440,486,38,2,657.00,0.3000
1441,486,3,2,798.00,0.0000
1442,487,41,4,2000.00,0.3000
1443,487,13,1,1410.75,0.3000
1444,488,31,4,182.52,0.3000
1445,488,12,1,2992.50,0.0500
1446,489,31,20,192.66,0.0000
1447,489,45,3,1607.40,0.0500
1448,489,29,2,1436.40,0.2000
1449,489,15,1,214.80,0.3000
1450,489,33,1,2523.20,0.0000
1451,490,27,1,728.00,0.0000
1452,491,31,20,182.52,0.0000
1453,491,5,20,778.05,0.0000
1454,492,10,1,38.88,0.0000
1455,492,29,4,1231.20,0.1500
1456,492,28,1,3382.50,0.0000
1457,492,3,1,718.20,0.0000
1458,492,39,10,189.00,0.3000
1459,493,39,3,199.50,0.0000
1460,493,38,1,803.00,0.2000
1461,493,25,20,2620.80,0.0000
1462,494,37,3,914.85,0.0000
1463,494,16,20,60.48,0.0000
1464,494,46,4,621.00,0.0000
1465,494,33,4,2656.00,0.3000
1466,494,14,2,478.50,0.2000
1467,495,15,2,204.06,0.2000
1468,495,7,1,134.40,0.0000
1469,495,5,5,778.05,0.2500
1470,496,10,20,45.36,0.0000
1471,496,14,2,435.00,0.2500
1472,496,25,20,2371.20,0.0000
1473,497,30,1,588.00,0.1500
1474,497,40,5,68.40,0.0000
1475,497,8,1,114.48,0.2500
1476,497,2,5,68.40,0.0000
1477,497,14,2,413.25,0.2500
1478,498,26,2,52.06,0.3000
1479,499,39,2,189.00,0.2500
1480,500,42,4,65.16,0.0000
1481,500,24,1,104.80,0.0000
1482,500,23,2,172.80,0.0000
1483,500,40,5,64.80,0.1000
1484,501,37,2,1059.30,0.0500
1485,501,6,2,793.25,0.0000
1486,501,28,5,2767.50,0.3000
1487,501,7,1,147.84,0.1000
1488,502,25,20,2246.40,0.0500
1489,502,45,1,1861.20,0.3000
1490,502,27,1,800.80,0.2000
1491,502,32,2,108.68,0.2500
1492,502,35,5,1409.10,0.0000
1493,503,41,20,2000.00,0.1000
1494,503,20,3,2375.00,0.3000
1495,503,9,4,2128.00,0.2500
1496,503,27,1,691.60,0.1500
1497,503,22,20,832.50,0.0000
1498,504,34,20,44.88,0.0000
1499,504,10,3,45.36,0.2000
1500,505,36,1,4000.00,0.1000
1501,505,3,1,758.10,0.0500
1502,505,34,20,42.84,0.0500
1503,505,37,1,914.85,0.2500
1504,506,10,5,47.52,0.3000
1505,507,9,5,2464.00,0.3000
1506,508,19,1,1470.00,0.2500
1507,508,31,4,182.52,0.1500
1508,508,34,1,40.80,0.2500
1509,508,21,2,1861.20,0.0000
1510,509,23,1,181.44,0.3000
1511,509,44,4,3752.50,0.2500
1512,509,26,4,57.54,0.0000
1513,510,24,2,99.56,0.1500
1514,511,2,20,72.00,0.1500
1515,512,20,4,2612.50,0.1000
1516,512,3,5,837.90,0.3000
1517,513,21,4,1776.60,0.1000
1518,513,15,1,225.54,0.3000
1519,514,35,1,1281.00,0.2500
1520,515,47,3,124.08,0.1000
1521,515,25,1,2745.60,0.2500
1522,515,30,2,588.00,0.1500
1523,515,19,10,1400.00,0.0000
1524,515,11,4,595.35,0.0000
1525,516,18,20,50.40,0.0000
1526,516,45,10,1607.40,0.2500
1527,516,8,2,120.84,0.0000
1528,516,48,4,99.36,0.1000
1529,517,3,1,758.10,0.2500
1530,517,4,5,3100.00,0.1500
1531,517,2,4,68.40,0.3000
1532,517,22,5,878.75,0.0000
1533,518,21,2,1607.40,0.0000
1534,518,47,1,124.08,0.0000
1535,518,26,4,49.32,0.0000
1536,518,11,20,623.70,0.2000
1537,518,9,5,2240.00,0.1000
1538,519,21,10,1861.20,0.0000
1539,519,13,1,1336.50,0.0000
1540,520,6,4,835.00,0.3000
1541,520,40,20,72.00,0.1000
1542,520,28,1,2767.50,0.0500
1543,520,31,1,212.94,0.0000
1544,521,3,1,718.20,0.0500
1545,521,39,4,220.50,0.2500
1546,521,21,4,1776.60,0.2500
1547,522,43,5,1165.50,0.0000
1548,522,36,5,4200.00,0.2000
1549,522,8,20,120.84,0.0000
1550,523,13,3,1485.00,0.0000
1551,524,6,10,876.75,0.1500
1552,524,8,1,139.92,0.0000
1553,525,37,1,914.85,0.0000
1554,525,40,4,79.20,0.3000
1555,526,1,2,3024.00,0.3000
1556,526,21,1,1692.00,0.2000
1557,526,41,1,1900.00,0.2000
1558,526,12,2,2992.50,0.2000
1559,526,15,5,225.54,0.2000
1560,527,17,1,2768.00,0.1000
1561,527,10,20,38.88,0.2000
1562,527,4,2,2945.00,0.0500
1563,527,29,1,1504.80,0.1500
1564,528,10,5,38.88,0.0000
1565,529,1,10,2872.80,0.3000
1566,529,37,1,914.85,0.2500
1567,529,25,2,2496.00,0.3000
1568,529,46,5,759.00,0.0000
1569,530,46,1,655.50,0.3000
1570,530,34,2,36.72,0.0500
1571,530,19,5,1400.00,0.0000
1572,531,11,2,623.70,0.1500
1573,532,33,1,2921.60,0.2000
1574,532,38,5,803.00,0.0000
1575,532,6,2,751.50,0.0000
1576,532,42,2,79.64,0.2500
1577,532,4,20,2945.00,0.0000
1578,533,12,1,3135.00,0.3000
1579,533,17,2,2629.60,0.2000
1580,534,6,2,918.50,0.2500
1581,534,27,2,728.00,0.3000
1582,534,3,1,798.00,0.0000
1583,534,31,1,212.94,0.0000
1584,534,2,1,79.20,0.1000
1585,535,41,1,2200.00,0.0500
1586,535,43,4,1230.25,0.1000
1587,535,3,20,758.10,0.1500
1588,535,29,1,1299.60,0.1000
1589,536,48,2,115.92,0.0000
1590,536,24,20,110.04,0.0500
1591,536,31,2,223.08,0.0500
1592,536,28,5,2921.25,0.1500
1593,537,25,20,2620.80,0.1500
1594,537,47,2,124.08,0.0000
1595,537,34,3,40.80,0.1500
1596,537,19,5,1400.00,0.2000
1597,537,1,20,2872.80,0.0000
1598,538,25,1,2745.60,0.0500
1599,538,28,1,3075.00,0.0000
1600,538,37,2,1059.30,0.0000
1601,538,7,1,127.68,0.0000
1602,539,21,1,1522.80,0.2000
1603,539,43,1,1165.50,0.3000
1604,540,23,20,190.08,0.2000
1605,540,2,2,79.20,0.1500
1606,540,9,1,2240.00,0.3000
1607,541,35,10,1216.95,0.0000
1608,541,15,10,225.54,0.0500
1609,541,40,5,68.40,0.1000
1610,542,5,1,900.90,0.3000
1611,542,47,5,118.44,0.0000
1612,543,18,5,56.00,0.1500
1613,543,33,1,2523.20,0.2500
1614,543,35,1,1152.90,0.1000
1615,543,4,3,2790.00,0.0000
1616,543,45,1,1522.80,0.3000
1617,544,41,10,2100.00,0.0000
1618,545,1,4,3326.40,0.2500
1619,545,17,2,2491.20,0.1500
1620,545,7,4,147.84,0.0000
1621,545,13,1,1485.00,0.1500
1622,546,5,1,778.05,0.2000
1623,546,30,10,588.00,0.0500
1624,546,4,3,3100.00,0.0000
1625,546,11,1,595.35,0.0000
1626,546,16,10,70.56,0.0500
1627,547,36,2,4000.00,0.2000
1628,547,26,5,52.06,0.1500
1629,547,42,3,79.64,0.2000
1630,547,18,5,56.00,0.1500
1631,548,47,3,107.16,0.2000
1632,549,6,20,751.50,0.0500
1633,549,45,10,1522.80,0.3000
1634,550,20,2,2493.75,0.0000
1635,551,15,10,236.28,0.2500
1636,551,41,3,2100.00,0.3000
1637,551,47,4,118.44,0.3000
1638,551,44,10,3752.50,0.2000
1639,552,31,2,212.94,0.1000
1640,552,12,1,3135.00,0.2500
1641,552,16,5,70.56,0.1500
1642,552,15,1,236.28,0.0000
1643,553,18,1,56.00,0.2500
1644,553,23,2,181.44,0.0500
1645,553,45,3,1522.80,0.0000
1646,554,41,2,2200.00,0.0500
1647,554,12,2,3135.00,0.1500
1648,554,25,2,2371.20,0.0000
1649,554,10,1,41.04,0.0500
1650,554,23,4,190.08,0.0500
1651,555,16,2,70.56,0.0000
1652,555,12,5,2992.50,0.0500
1653,555,44,1,3555.00,0.0500
1654,555,48,1,115.92,0.1000
1655,556,46,2,759.00,0.1000
1656,556,12,4,2850.00,0.2500
1657,556,2,2,64.80,0.0000
1658,557,21,2,1776.60,0.1000
1659,558,45,4,1522.80,0.0000
1660,558,12,20,3135.00,0.0500
1661,559,41,1,1900.00,0.2500
1662,559,46,3,655.50,0.2000
1663,559,22,10,925.00,0.1000
1664,560,4,5,3410.00,0.0500
1665,560,34,10,38.76,0.0000
1666,560,11,3,510.30,0.0500
1667,561,37,1,963.00,0.0000
1668,561,39,1,231.00,0.0000
1669,561,13,20,1336.50,0.0000
1670,561,25,4,2496.00,0.0500
1671,562,11,2,567.00,0.1500
1672,563,10,4,41.04,0.1000
1673,563,34,3,42.84,0.0000
1674,563,20,20,2137.50,0.0500
1675,564,7,2,127.68,0.3000
1676,564,31,2,223.08,0.1000
1677,564,39,1,210.00,0.1500
1678,565,28,1,2767.50,0.1500
1679,565,25,1,2371.20,0.2000
1680,566,31,2,182.52,0.2500
1681,566,13,5,1410.75,0.1000
1682,567,23,2,164.16,0.0500
1683,567,15,1,236.28,0.0000
1684,567,10,5,45.36,0.0000
1685,567,43,2,1424.50,0.0000
1686,568,38,3,730.00,0.2500
1687,568,3,2,877.80,0.2500
1688,569,19,1,1260.00,0.1000
1689,569,43,1,1230.25,0.1000
1690,569,47,2,107.16,0.2500
1691,570,8,20,114.48,0.0000
1692,571,28,4,2767.50,0.0000
1693,571,20,3,2375.00,0.1000
1694,571,25,1,2620.80,0.3000
1695,571,18,3,61.60,0.0500
1696,571,1,10,3024.00,0.0000
1697,572,25,5,2371.20,0.2500
1698,572,29,3,1504.80,0.1500
1699,572,38,1,730.00,0.2500
1700,572,15,2,214.80,0.0500
1701,572,1,2,2721.60,0.2000
1702,573,24,5,104.80,0.2500
1703,573,1,3,3175.20,0.0000
1704,573,3,20,837.90,0.0000
1705,574,34,20,44.88,0.1500
1706,574,26,2,60.28,0.1500
1707,574,45,5,1692.00,0.2500
1708,574,39,2,231.00,0.0500
1709,575,3,3,758.10,0.0000
1710,575,34,5,36.72,0.0000
1711,576,34,5,38.76,0.0000
1712,577,20,4,2612.50,0.0000
1713,577,41,2,1800.00,0.0000
1714,577,18,3,50.40,0.2500
1715,577,4,1,3410.00,0.0000
1716,578,37,1,866.70,0.0500
1717,578,48,1,121.44,0.2500
1718,578,5,1,737.10,0.2500
1719,578,36,1,3800.00,0.2000
1720,578,19,2,1400.00,0.0000
1721,579,34,1,44.88,0.2500
1722,579,5,4,778.05,0.1500
1723,579,25,2,2496.00,0.0500
1724,580,9,20,2352.00,0.2000
1725,580,38,3,730.00,0.1000
1726,580,8,5,127.20,0.3000
1727,580,14,1,478.50,0.1000
1728,581,30,2,532.00,0.1500
1729,581,1,4,3175.20,0.3000
1730,582,36,2,4000.00,0.0000
1731,582,40,1,64.80,0.2000
1732,583,26,1,57.54,0.1500
1733,583,33,3,2656.00,0.0000
1734,584,15,20,225.54,0.2000
1735,584,17,1,2491.20,0.1500
1736,585,18,3,58.80,0.1500
1737,586,44,1,3555.00,0.0500
1738,586,45,20,1607.40,0.2000
1739,586,20,4,2493.75,0.2500
1740,586,1,2,3024.00,0.3000
1741,587,13,20,1410.75,0.1500
1742,587,26,2,57.54,0.1500
1743,587,15,5,225.54,0.3000
1744,587,46,10,690.00,0.0000
1745,587,4,10,2790.00,0.0000
1746,588,45,1,1861.20,0.1000
1747,589,7,1,141.12,0.0000
1748,589,21,5,1607.40,0.1000
1749,589,26,4,57.54,0.0000
1750,589,42,10,76.02,0.0000
1751,589,17,5,2629.60,0.2000
1752,590,21,2,1692.00,0.0000
1753,591,16,10,70.56,0.0500
1754,591,11,1,567.00,0.2000
1755,591,41,2,2200.00,0.0000
1756,592,45,1,1861.20,0.1500
1757,592,17,1,2906.40,0.0500
1758,592,41,1,2000.00,0.2500
1759,593,16,1,73.92,0.2500
1760,593,7,1,141.12,0.3000
1761,594,25,2,2620.80,0.0000
1762,594,9,10,2352.00,0.0000
1763,594,40,1,72.00,0.0000
1764,594,41,2,1900.00,0.0000
1765,594,27,20,728.00,0.1500
1766,595,47,10,101.52,0.3000
1767,595,4,20,3100.00,0.2000
1768,596,15,10,193.32,0.0000
1769,597,43,10,1424.50,0.0000
1770,597,5,2,819.00,0.2000
1771,597,13,2,1559.25,0.3000
1772,597,1,4,3175.20,0.0000
1773,597,28,1,3228.75,0.1500
1774,598,4,2,2945.00,0.1500
1775,598,17,20,2906.40,0.3000
1776,598,27,1,691.60,0.1500
1777,598,29,1,1299.60,0.1000
1778,598,37,2,1059.30,0.3000
1779,599,30,2,532.00,0.1500
1780,599,23,4,164.16,0.2000
1781,599,34,4,38.76,0.0000
1782,599,47,3,124.08,0.1500
1783,599,36,10,3800.00,0.1500
1784,600,1,2,3024.00,0.0500
1785,600,13,1,1410.75,0.0000
1786,600,27,1,800.80,0.3000
1787,601,36,1,4400.00,0.3000
1788,601,14,1,435.00,0.0000
1789,602,38,3,657.00,0.0500
1790,602,2,20,79.20,0.0000
1791,603,10,3,41.04,0.0000
1792,603,33,10,2921.60,0.3000
1793,603,39,5,231.00,0.0000
1794,604,25,1,2745.60,0.0500
1795,604,39,2,231.00,0.1500
1796,604,21,1,1692.00,0.2500
1797,604,17,1,2906.40,0.0000
1798,605,18,5,50.40,0.3000
1799,605,24,3,104.80,0.2500
1800,605,37,10,914.85,0.0000
1801,606,47,1,112.80,0.2000
1802,606,33,2,2921.60,0.0000
1803,606,7,20,120.96,0.2000
1804,607,34,10,36.72,0.3000
1805,607,33,20,2656.00,0.1500
1806,607,15,1,236.28,0.2000
1807,607,17,4,2629.60,0.1000
1808,607,14,10,391.50,0.2000
1809,608,13,1,1410.75,0.0000
1810,608,19,1,1540.00,0.2500
1811,608,25,1,2620.80,0.0500
1812,609,11,1,623.70,0.3000
1813,609,5,10,737.10,0.0000
1814,610,15,2,225.54,0.0000
1815,611,1,2,3024.00,0.2500
1816,611,33,5,2788.80,0.3000
1817,612,45,1,1522.80,0.0000
1818,613,2,1,64.80,0.0500
1819,613,17,20,3044.80,0.3000
1820,613,30,4,532.00,0.0500
1821,613,10,20,45.36,0.2000
1822,613,14,1,391.50,0.3000
1823,614,45,20,1607.40,0.2000
1824,614,1,1,2872.80,0.1500
1825,615,19,1,1260.00,0.2000
1826,615,10,3,43.20,0.1500
1827,615,15,4,214.80,0.0000
1828,615,40,5,75.60,0.0000
1829,615,6,10,835.00,0.3000
1830,616,13,20,1410.75,0.0000
1831,616,22,4,971.25,0.0000
1832,616,7,1,127.68,0.1500
1833,617,7,4,120.96,0.2000
1834,617,25,1,2620.80,0.1500
1835,617,30,1,504.00,0.2500
1836,618,9,1,2016.00,0.2500
1837,618,20,20,2137.50,0.2500
1838,618,33,3,2656.00,0.1500
1839,618,30,4,616.00,0.0000
1840,619,6,2,793.25,0.0000
1841,619,25,2,2496.00,0.2000
1842,619,26,3,54.80,0.3000
1843,619,43,1,1165.50,0.0000
1844,619,18,2,56.00,0.0000
1845,620,37,2,1059.30,0.3000
1846,620,5,1,778.05,0.1000
1847,621,1,4,2872.80,0.0000
1848,621,16,2,67.20,0.1000
1849,621,39,10,231.00,0.0000
1850,621,2,20,75.60,0.2500
1851,621,19,3,1470.00,0.3000
1852,622,16,1,60.48,0.1500
1853,622,21,2,1776.60,0.2000
1854,622,27,20,728.00,0.2500
1855,622,23,2,155.52,0.0000
1856,622,28,2,3228.75,0.3000
1857,623,21,2,1861.20,0.0000
1858,624,20,2,2137.50,0.0000
1859,624,43,10,1359.75,0.0000
1860,624,23,5,155.52,0.1000
1861,625,29,1,1504.80,0.0500
1862,625,35,1,1152.90,0.0000
1863,625,31,5,223.08,0.0000
1864,626,40,20,72.00,0.0000
1865,627,20,2,2256.25,0.2500
1866,627,36,3,4000.00,0.1500
1867,627,16,5,60.48,0.1500
1868,627,1,4,2872.80,0.0000
1869,627,38,4,693.50,0.2500
1870,628,5,1,778.05,0.1500
1871,628,15,1,225.54,0.2500
1872,628,20,1,2493.75,0.3000
1873,628,7,1,147.84,0.0500
1874,629,25,5,2371.20,0.0000
1875,629,6,3,793.25,0.1000
1876,629,12,10,2850.00,0.3000
1877,630,4,1,3410.00,0.0500
1878,630,34,2,36.72,0.0000
1879,630,25,10,2246.40,0.0000
1880,630,17,1,3044.80,0.0000
1881,631,38,3,693.50,0.0000
1882,631,29,1,1436.40,0.2000
1883,631,47,3,124.08,0.1500
1884,631,48,20,121.44,0.0000
1885,632,6,4,793.25,0.0500
1886,632,14,3,478.50,0.3000
1887,633,24,4,115.28,0.0000
1888,633,22,2,832.50,0.0000
1889,634,21,1,1861.20,0.2500
1890,634,16,1,67.20,0.1500
1891,635,3,4,798.00,0.3000
1892,635,18,1,61.60,0.0000
1893,636,12,1,2850.00,0.3000
1894,636,44,4,3752.50,0.2000
1895,636,3,3,837.90,0.0000
1896,636,10,20,43.20,0.1500
1897,637,3,10,798.00,0.0000
1898,637,44,2,3555.00,0.2500
1899,637,36,20,4200.00,0.2000
1900,638,35,1,1281.00,0.0000
1901,638,32,1,125.84,0.1000
1902,638,38,20,693.50,0.1500
1903,639,22,10,878.75,0.0000
1904,639,27,1,728.00,0.1500
1905,640,48,2,99.36,0.1500
1906,640,45,10,1692.00,0.1500
1907,640,17,1,2629.60,0.1000
1908,641,22,2,971.25,0.1000
1909,642,20,1,2375.00,0.0500
1910,642,8,1,133.56,0.0000
1911,643,1,2,3024.00,0.1000
1912,644,12,4,2707.50,0.0500
1913,644,32,4,108.68,0.1000
1914,645,45,3,1692.00,0.0000
1915,645,4,1,3255.00,0.1500
1916,645,18,1,58.80,0.0000
1917,645,25,2,2745.60,0.0000
1918,646,43,1,1295.00,0.2000
1919,646,32,1,114.40,0.0000
1920,646,20,1,2137.50,0.1500
1921,646,36,3,4400.00,0.2000
1922,647,13,1,1485.00,0.2000
1923,647,1,1,3326.40,0.1000
1924,647,16,2,73.92,0.0000
1925,647,8,1,133.56,0.1500
1926,648,46,1,655.50,0.0000
1927,649,36,4,3600.00,0.0000
1928,649,2,20,79.20,0.1000
1929,650,20,10,2612.50,0.2000
1930,651,18,2,53.20,0.1500
1931,651,29,2,1299.60,0.1000
1932,651,33,2,2390.40,0.0000
1933,651,30,20,588.00,0.3000
1934,651,45,3,1861.20,0.0000
1935,652,23,5,190.08,0.2000
1936,652,24,2,110.04,0.2500
1937,652,45,1,1692.00,0.1500
1938,652,27,2,800.80,0.1000
1939,653,12,4,2992.50,0.0500
1940,653,45,1,1692.00,0.3000
1941,653,2,1,75.60,0.2000
1942,653,9,10,2240.00,0.2000
1943,653,3,4,837.90,0.0000
1944,654,42,4,68.78,0.1500
1945,654,44,10,4345.00,0.3000
1946,655,11,20,595.35,0.1500
1947,655,6,2,751.50,0.0000
1948,655,29,1,1299.60,0.0000
1949,655,20,1,2137.50,0.0000
1950,656,28,1,2767.50,0.1000
1951,657,7,10,127.68,0.0000
1952,657,34,1,42.84,0.0500
1953,658,40,2,64.80,0.0500
1954,658,45,20,1861.20,0.0500
1955,659,7,1,134.40,0.1000
1956,660,27,2,728.00,0.2500
1957,660,29,2,1368.00,0.0000
1958,660,15,2,193.32,0.2500
1959,660,24,2,104.80,0.0000
1960,661,36,1,3600.00,0.0000
1961,661,11,2,538.65,0.0000
1962,661,43,3,1424.50,0.0000
1963,661,17,20,2906.40,0.0000
1964,661,15,5,214.80,0.0500
1965,662,41,2,2200.00,0.0000
1966,662,19,1,1470.00,0.0000
1967,663,26,10,57.54,0.2500
1968,664,19,4,1330.00,0.3000
1969,664,46,4,690.00,0.0000
1970,664,33,20,2921.60,0.0000
1971,665,47,1,112.80,0.2000
1972,665,46,1,655.50,0.3000
1973,665,38,4,730.00,0.2500
1974,666,6,1,751.50,0.2500
1975,666,8,20,114.48,0.1000
1976,666,38,2,730.00,0.0000
1977,667,36,2,4000.00,0.2000
1978,667,23,1,155.52,0.1500
1979,668,41,20,2100.00,0.2500
1980,668,15,5,225.54,0.1500
1981,669,48,20,115.92,0.0500
1982,669,31,1,182.52,0.2000
1983,669,20,3,2256.25,0.0000
1984,669,6,2,918.50,0.0000
1985,669,12,1,3135.00,0.3000
1986,670,23,4,164.16,0.1500
1987,670,29,5,1504.80,0.0500
1988,670,6,20,751.50,0.1000
1989,670,38,2,766.50,0.2000
1990,671,6,2,835.00,0.1000
1991,671,25,3,2620.80,0.2500
1992,671,23,3,190.08,0.1000
1993,672,15,5,204.06,0.1500
1994,672,40,5,64.80,0.0000
1995,672,5,1,737.10,0.3000
1996,672,30,3,616.00,0.0000
1997,673,14,2,435.00,0.2000
1998,673,11,20,595.35,0.2000
1999,674,43,20,1230.25,0.0000
2000,674,38,5,766.50,0.0000
2001,674,15,1,204.06,0.0500
2002,675,31,1,212.94,0.3000
2003,675,5,20,778.05,0.3000
2004,675,32,10,120.12,0.2000
2005,675,3,4,798.00,0.3000
2006,675,36,1,3600.00,0.0000
2007,676,27,2,728.00,0.1500
2008,676,7,1,134.40,0.2500
2009,677,11,10,595.35,0.0000
2010,677,5,1,819.00,0.0000
2011,678,17,1,2906.40,0.2000
2012,678,7,4,134.40,0.1500
2013,678,40,2,64.80,0.0500
2014,678,45,20,1522.80,0.0000
2015,679,11,3,538.65,0.0000
2016,679,21,4,1861.20,0.0500
2017,679,32,1,102.96,0.2500
2018,680,28,2,3382.50,0.0500
2019,680,29,20,1368.00,0.0000
2020,680,43,20,1230.25,0.0000
2021,680,4,20,3255.00,0.1500
2022,680,46,5,690.00,0.1000
2023,681,12,4,2992.50,0.2500
2024,681,42,10,68.78,0.3000
2025,681,8,2,120.84,0.2500
2026,681,21,1,1776.60,0.0000
2027,681,3,4,798.00,0.1000
2028,682,1,1,2872.80,0.0500
2029,682,5,2,859.95,0.0000
2030,682,6,2,751.50,0.2000
2031,682,24,1,110.04,0.3000
2032,683,24,1,115.28,0.2500
2033,683,33,3,2390.40,0.0500
2034,683,2,5,68.40,0.3000
2035,683,15,3,225.54,0.0000
2036,683,12,4,3135.00,0.1500
2037,684,4,10,2945.00,0.2500
2038,685,36,2,4200.00,0.0500
2039,685,45,2,1861.20,0.0000
2040,685,11,5,538.65,0.0000
2041,685,35,5,1216.95,0.0000
2042,686,29,5,1299.60,0.0000
2043,686,39,2,231.00,0.0000
2044,687,20,3,2137.50,0.1000
2045,688,10,1,43.20,0.0000
2046,688,4,2,3410.00,0.0500
2047,688,37,1,1011.15,0.0000
2048,688,3,10,877.80,0.3000
2049,688,29,20,1231.20,0.0000
2050,689,8,2,114.48,0.0500
2051,690,2,2,79.20,0.0500
2052,690,29,2,1436.40,0.3000
2053,690,6,5,835.00,0.1000
2054,690,46,1,690.00,0.0500
2055,691,47,10,107.16,0.3000
2056,692,22,1,1017.50,0.0000
2057,692,13,2,1559.25,0.0000
2058,692,28,5,3075.00,0.2000
2059,692,46,2,690.00,0.2500
2060,693,16,2,73.92,0.0000
2061,693,3,20,718.20,0.0000
2062,693,34,3,44.88,0.1000
2063,694,4,10,3410.00,0.0500
2064,694,31,1,192.66,0.1000
2065,694,45,10,1522.80,0.3000
2066,695,48,2,104.88,0.3000
2067,695,28,2,2921.25,0.2500
2068,695,21,2,1861.20,0.1500
2069,695,42,1,76.02,0.0000
2070,696,10,1,47.52,0.0000
2071,696,12,2,2707.50,0.0000
2072,697,17,10,2491.20,0.1000
2073,697,26,2,49.32,0.1000
2074,697,24,2,110.04,0.2000
2075,697,12,1,2565.00,0.2500
2076,697,10,4,41.04,0.1500
2077,698,15,5,214.80,0.2500
2078,699,37,10,866.70,0.1500
2079,699,45,2,1522.80,0.1000
2080,699,24,10,104.80,0.2000
2081,699,40,5,79.20,0.1000
2082,699,9,1,2240.00,0.1500
2083,700,21,20,1692.00,0.2000
2084,700,45,1,1522.80,0.0000
2085,701,46,3,724.50,0.2000
2086,701,40,1,79.20,0.1000
2087,701,28,20,3382.50,0.0500
2088,701,7,2,127.68,0.0000
2089,701,21,5,1522.80,0.1000
2090,702,7,1,141.12,0.1500
2091,702,45,1,1607.40,0.0000
2092,703,20,1,2493.75,0.0000
2093,704,41,3,1900.00,0.0000
2094,704,4,1,3410.00,0.0000
2095,704,5,10,859.95,0.3000
2096,705,4,1,3255.00,0.1500
2097,705,44,1,4147.50,0.1000
2098,705,28,5,3228.75,0.3000
2099,705,23,10,181.44,0.0500
2100,705,3,20,798.00,0.0000
2101,706,45,5,1692.00,0.1000
2102,706,11,5,510.30,0.2000
2103,706,43,1,1165.50,0.1000
2104,706,35,1,1281.00,0.1500
2105,707,32,3,120.12,0.0000
2106,708,14,1,391.50,0.0000
2107,708,4,5,2790.00,0.1500
2108,708,32,2,114.40,0.1500
2109,708,28,1,3228.75,0.3000
2110,709,6,2,876.75,0.0500
2111,709,14,2,478.50,0.0500
2112,709,34,5,42.84,0.1500
2113,710,41,10,1900.00,0.1500
2114,710,25,2,2246.40,0.2000
2115,710,16,1,70.56,0.2000
2116,711,48,4,115.92,0.3000
2117,712,7,5,127.68,0.2500
2118,713,10,2,38.88,0.2000
2119,714,34,3,42.84,0.2500
2120,714,31,10,212.94,0.1000
2121,715,36,1,4000.00,0.1500
2122,716,48,4,121.44,0.1500
2123,716,29,2,1231.20,0.3000
2124,716,24,20,94.32,0.1500
2125,716,20,4,2137.50,0.0500
2126,716,39,4,231.00,0.2500
2127,717,18,4,56.00,0.1500
2128,717,7,1,120.96,0.3000
2129,717,32,4,114.40,0.2000
2130,718,19,10,1540.00,0.0000
2131,718,4,10,3255.00,0.1500
2132,718,46,1,655.50,0.1000
2133,718,6,1,751.50,0.1500
2134,718,11,1,538.65,0.0000
2135,719,45,5,1692.00,0.3000
2136,720,37,10,1059.30,0.3000
2137,720,27,3,728.00,0.0000
2138,720,35,20,1409.10,0.0000
2139,720,22,1,971.25,0.0500
2140,721,43,1,1359.75,0.0000
2141,721,38,3,803.00,0.0500
2142,721,16,1,73.92,0.1500
2143,721,27,10,728.00,0.0000
2144,722,30,2,560.00,0.1500
2145,722,32,1,102.96,0.2000
2146,722,11,4,538.65,0.0000
2147,722,9,1,2128.00,0.1000
2148,723,42,3,65.16,0.0500
2149,723,6,1,876.75,0.0500
2150,724,35,2,1152.90,0.3000
2151,724,24,20,104.80,0.0000
2152,725,2,4,79.20,0.2000
2153,725,39,1,210.00,0.1000
2154,726,30,4,504.00,0.0000
2155,726,28,2,3075.00,0.1500
2156,726,16,20,73.92,0.2000
2157,727,24,5,94.32,0.0000
2158,727,44,4,4147.50,0.3000
2159,727,29,1,1368.00,0.3000
2160,727,10,1,38.88,0.0000
2161,728,30,1,588.00,0.1000
2162,728,44,3,3752.50,0.0000
2163,728,15,1,214.80,0.3000
2164,728,5,3,859.95,0.1500
2165,729,1,1,2872.80,0.0000
2166,730,9,3,2352.00,0.0500
2167,730,19,2,1260.00,0.1000
2168,730,23,1,164.16,0.3000
2169,731,39,1,210.00,0.1000
2170,731,7,10,147.84,0.1500
2171,731,19,2,1330.00,0.0500
2172,732,47,20,118.44,0.2000
2173,732,35,1,1216.95,0.2000
2174,732,10,3,43.20,0.0000
2175,732,32,2,125.84,0.1500
2176,732,2,2,72.00,0.0000
2177,733,40,1,64.80,0.0500
2178,733,12,1,3135.00,0.2500
2179,733,42,1,65.16,0.0500
2180,734,48,1,110.40,0.3000
2181,734,21,3,1776.60,0.2000
2182,734,14,1,435.00,0.0000
2183,734,23,5,172.80,0.1500
2184,735,14,10,391.50,0.0000
2185,735,34,2,42.84,0.0000
2186,735,47,4,118.44,0.2500
2187,735,21,5,1607.40,0.3000
2188,735,7,1,141.12,0.0000
2189,736,14,2,435.00,0.0500
2190,736,25,1,2246.40,0.0500
2191,736,44,5,3950.00,0.1000
2192,736,34,3,44.88,0.0000
2193,737,6,4,793.25,0.2000
2194,737,27,2,728.00,0.0000
2195,737,39,1,220.50,0.2500
2196,737,47,2,118.44,0.0000
2197,737,48,1,110.40,0.0500
2198,738,13,1,1410.75,0.0500
2199,738,45,2,1522.80,0.0000
2200,738,19,1,1540.00,0.2000
2201,738,3,1,758.10,0.0000
2202,739,34,2,44.88,0.1000
2203,739,46,20,724.50,0.0500
2204,740,43,10,1424.50,0.0000
2205,740,24,1,115.28,0.0000
2206,740,38,1,803.00,0.1000
2207,740,5,10,737.10,0.0000
2208,741,6,3,751.50,0.2000
2209,741,8,5,127.20,0.3000
2210,741,1,20,2721.60,0.1500
2211,741,18,3,53.20,0.0000
2212,742,6,10,876.75,0.0000
2213,742,18,3,53.20,0.2000
2214,742,45,5,1776.60,0.0000
2215,743,8,1,114.48,0.1500
2216,743,44,4,3752.50,0.2000
2217,744,43,4,1295.00,0.0000
2218,744,24,1,110.04,0.0000
2219,744,19,4,1330.00,0.2500
2220,744,32,2,102.96,0.2500
2221,745,33,20,2390.40,0.1500
2222,746,16,5,73.92,0.0500
2223,747,7,5,134.40,0.0500
2224,748,41,1,2200.00,0.1000
2225,748,23,3,190.08,0.3000
2226,748,18,20,56.00,0.0500
2227,748,26,1,49.32,0.2000
2228,748,45,1,1692.00,0.0000
2229,749,42,1,76.02,0.1000
2230,750,41,10,2000.00,0.1500
2231,750,46,3,655.50,0.0000
2232,751,25,5,2246.40,0.3000
2233,751,13,3,1633.50,0.1500
2234,752,12,3,2707.50,0.1000
2235,752,44,1,4147.50,0.0000
2236,752,6,2,835.00,0.1500
2237,752,43,2,1424.50,0.3000
2238,752,5,5,819.00,0.1000
2239,753,9,1,2016.00,0.1000
2240,754,47,20,101.52,0.0000
2241,754,39,2,210.00,0.0500
2242,754,12,10,3135.00,0.1500
2243,754,38,2,693.50,0.0000
2244,754,35,4,1409.10,0.0000
2245,755,37,1,963.00,0.2500
2246,755,29,2,1299.60,0.2000
2247,756,24,1,99.56,0.1500
2248,756,30,2,504.00,0.0500
2249,757,11,10,567.00,0.0000
2250,757,30,1,504.00,0.0000
2251,757,39,20,220.50,0.0000
2252,758,35,20,1345.05,0.0000
2253,758,34,1,40.80,0.2000
2254,758,15,10,193.32,0.0500
2255,759,41,2,1800.00,0.0000
2256,759,14,1,478.50,0.0000
2257,759,40,2,64.80,0.2000
2258,760,6,1,835.00,0.2500
2259,761,28,2,2767.50,0.1000
2260,761,45,1,1692.00,0.2000
2261,761,27,20,655.20,0.0000
2262,761,2,3,75.60,0.1500
2263,761,5,2,737.10,0.3000
2264,762,17,1,3044.80,0.2000
2265,762,42,3,65.16,0.3000
2266,762,9,5,2464.00,0.0000
2267,762,34,2,44.88,0.0000
2268,763,3,1,718.20,0.2000
2269,763,9,3,2128.00,0.2500
2270,764,18,4,50.40,0.2500
2271,764,26,1,52.06,0.2000
2272,764,38,2,803.00,0.0500
2273,764,9,1,2352.00,0.0000
2274,765,24,1,104.80,0.0000
2275,765,7,5,134.40,0.2000
2276,765,44,3,3555.00,0.0000
2277,766,7,2,120.96,0.0500
2278,767,4,20,3100.00,0.1500
2279,768,27,2,800.80,0.0000
2280,768,44,5,3555.00,0.1000
2281,768,47,10,101.52,0.0000
2282,768,41,1,2200.00,0.0500
2283,769,19,1,1470.00,0.1000
2284,769,33,2,2390.40,0.2000
2285,770,9,2,2016.00,0.2000
2286,770,4,2,3410.00,0.0000
2287,771,23,4,190.08,0.0000
2288,771,27,1,800.80,0.3000
2289,771,4,5,3410.00,0.1500
2290,771,21,10,1692.00,0.2500
2291,771,8,10,120.84,0.3000
2292,772,44,1,3950.00,0.2000
2293,772,29,1,1368.00,0.0000
2294,772,41,3,1900.00,0.2000
2295,773,38,10,693.50,0.0000
2296,773,21,5,1522.80,0.0000
2297,773,39,20,210.00,0.0000
2298,773,10,1,47.52,0.2000
2299,773,15,2,214.80,0.3000
2300,774,2,10,72.00,0.0500
2301,775,25,1,2745.60,0.1000
2302,775,3,10,798.00,0.1000
2303,775,27,1,655.20,0.0500
2304,775,29,1,1504.80,0.0000
2305,776,19,20,1470.00,0.1000
2306,776,2,2,64.80,0.0500
2307,776,24,3,99.56,0.2500
2308,776,6,3,793.25,0.0000
2309,776,38,4,730.00,0.3000
2310,777,38,1,657.00,0.3000
2311,777,6,3,918.50,0.1500
2312,777,41,2,2000.00,0.1500
2313,777,1,2,3024.00,0.0000
2314,778,4,2,2945.00,0.0500
2315,778,43,1,1424.50,0.2500
2316,779,48,2,99.36,0.1500
2317,780,28,5,3075.00,0.0000
2318,780,15,1,193.32,0.1000
2319,780,18,5,61.60,0.2500
2320,780,44,2,3555.00,0.1500
2321,781,20,4,2375.00,0.0500
2322,781,34,3,40.80,0.2500
2323,781,19,2,1470.00,0.0000
2324,781,8,2,139.92,0.1000
2325,781,40,5,68.40,0.1000
2326,782,1,5,3175.20,0.1500
2327,782,23,20,181.44,0.2500
2328,782,40,20,68.40,0.3000
2329,782,43,4,1359.75,0.1000
2330,782,42,2,68.78,0.0000
2331,783,21,1,1776.60,0.0500
2332,783,8,5,120.84,0.3000
2333,783,35,10,1281.00,0.2000
2334,783,43,5,1230.25,0.0500
2335,783,26,1,57.54,0.2000
2336,784,28,5,3382.50,0.1500
2337,784,39,5,199.50,0.2000
2338,785,24,1,104.80,0.3000
2339,785,13,2,1410.75,0.0500
2340,785,45,10,1861.20,0.0500
2341,785,34,10,36.72,0.3000
2342,785,28,20,3228.75,0.2500
2343,786,11,2,510.30,0.1500
2344,786,32,1,108.68,0.0500
2345,787,2,10,79.20,0.0500
2346,787,34,1,44.88,0.0500
2347,787,26,1,54.80,0.2500
2348,787,47,1,107.16,0.1000
2349,788,15,1,214.80,0.0500
2350,788,20,2,2612.50,0.0000
2351,788,28,3,3382.50,0.2000
2352,789,33,2,2656.00,0.0000
2353,789,3,3,877.80,0.0500
2354,790,7,3,120.96,0.1000
2355,790,30,1,616.00,0.0500
2356,790,46,3,655.50,0.0000
2357,791,33,4,2921.60,0.1500
2358,791,27,2,655.20,0.0000
2359,792,24,5,110.04,0.0500
2360,792,26,10,49.32,0.0000
2361,792,20,3,2612.50,0.2500
2362,792,19,1,1400.00,0.1000
2363,793,11,3,623.70,0.3000
2364,794,2,5,75.60,0.1500
2365,794,39,1,210.00,0.0000
2366,794,18,2,50.40,0.2000
2367,794,47,1,107.16,0.0000
2368,794,15,1,204.06,0.3000
2369,795,3,5,837.90,0.2500
2370,795,35,20,1216.95,0.0000
2371,796,25,20,2745.60,0.0500
2372,796,15,10,225.54,0.2000
2373,796,12,2,3135.00,0.0000
2374,796,32,1,120.12,0.0000
2375,796,8,1,139.92,0.0000
2376,797,44,20,3752.50,0.0000
2377,797,9,20,2352.00,0.0000
2378,797,15,10,214.80,0.1500
2379,797,24,1,115.28,0.1500
2380,797,2,5,75.60,0.2000
2381,798,34,1,40.80,0.1500
2382,798,44,5,4345.00,0.0500
2383,798,30,2,560.00,0.0000
2384,799,17,2,2491.20,0.3000
2385,799,14,3,456.75,0.0000
2386,799,41,2,1800.00,0.0000
2387,799,5,10,778.05,0.1500
2388,799,16,3,70.56,0.0500
2389,800,3,1,798.00,0.2500
2390,800,1,10,3326.40,0.2500
2391,801,33,2,2523.20,0.0000
2392,801,22,20,971.25,0.3000
2393,801,6,2,835.00,0.0000
2394,801,10,1,47.52,0.2500
2395,801,48,2,115.92,0.1500
2396,802,6,2,793.25,0.0500
2397,803,21,1,1861.20,0.1000
2398,803,41,5,2200.00,0.2000
2399,803,25,10,2496.00,0.1500
2400,803,2,2,68.40,0.1000
2401,803,37,1,866.70,0.0000
2402,804,15,2,193.32,0.2500
2403,805,22,1,832.50,0.0500
2404,805,7,2,134.40,0.2000
2405,806,30,1,588.00,0.2500
2406,807,43,2,1295.00,0.1500
2407,807,20,20,2256.25,0.0000
2408,807,34,5,36.72,0.2500
2409,807,48,1,115.92,0.0000
2410,807,17,10,2906.40,0.0000
2411,808,28,1,2921.25,0.3000
2412,808,37,5,866.70,0.1500
2413,808,3,5,837.90,0.3000
2414,808,31,2,202.80,0.1000
2415,809,4,3,2945.00,0.3000
2416,809,27,1,655.20,0.0000
2417,809,22,5,1017.50,0.0000
2418,809,20,4,2612.50,0.1500
2419,810,48,2,115.92,0.2500
2420,810,41,1,2200.00,0.3000
2421,810,11,1,567.00,0.0000
2422,811,3,1,877.80,0.0500
2423,811,9,4,2464.00,0.0000
2424,811,38,1,657.00,0.2500
2425,811,26,1,57.54,0.0000
2426,811,18,20,56.00,0.1500
2427,812,44,2,3555.00,0.0500
2428,812,29,1,1504.80,0.0500
2429,812,25,2,2371.20,0.1000
2430,812,9,1,2016.00,0.1500
2431,812,28,1,3382.50,0.2000
2432,813,32,2,102.96,0.3000
2433,813,20,5,2137.50,0.2500
2434,813,41,1,1800.00,0.2500
2435,814,35,1,1345.05,0.1000
2436,814,18,2,58.80,0.3000
2437,814,45,2,1607.40,0.3000
2438,814,26,10,54.80,0.0500
2439,815,5,5,778.05,0.3000
2440,815,12,4,2565.00,0.0500
2441,815,38,10,730.00,0.0000
2442,815,48,4,115.92,0.0000
2443,816,9,1,2240.00,0.1500
2444,817,37,2,963.00,0.1500
2445,817,29,1,1504.80,0.0000
2446,818,3,10,718.20,0.0000
2447,818,20,10,2137.50,0.2000
2448,818,10,2,38.88,0.1000
2449,818,11,1,538.65,0.1500
2450,819,28,5,3075.00,0.0000
2451,819,32,3,102.96,0.3000
2452,819,20,4,2137.50,0.2500
2453,819,42,4,76.02,0.2500
2454,819,27,10,728.00,0.2500
2455,820,7,1,134.40,0.1500
2456,820,4,20,2945.00,0.0000
2457,820,24,3,110.04,0.1500
2458,820,30,2,588.00,0.3000
2459,821,6,1,918.50,0.0500
2460,821,41,2,1800.00,0.0000
2461,821,42,5,79.64,0.0000
2462,821,44,1,4147.50,0.2000
2463,821,3,2,718.20,0.1500
2464,822,30,1,504.00,0.2000
2465,822,16,1,73.92,0.3000
2466,822,6,3,751.50,0.3000
2467,822,43,10,1424.50,0.2500
2468,822,17,5,3044.80,0.3000
2469,823,1,20,2872.80,0.2500
2470,823,14,10,478.50,0.1000
2471,824,38,2,730.00,0.3000
2472,824,20,2,2612.50,0.2500
2473,824,45,1,1776.60,0.1500
2474,825,14,20,413.25,0.0000
2475,826,27,10,655.20,0.2500
2476,826,28,1,2921.25,0.1500
2477,826,24,1,115.28,0.2500
2478,826,13,20,1559.25,0.0000
2479,826,17,3,3044.80,0.1000
2480,827,16,10,70.56,0.1500
2481,827,42,1,65.16,0.2500
2482,827,41,1,2100.00,0.0000
2483,828,35,1,1152.90,0.1000
2484,828,41,20,1900.00,0.1500
2485,828,36,1,4000.00,0.2000
2486,828,24,4,104.80,0.0000
2487,828,19,10,1540.00,0.1500
2488,829,35,1,1281.00,0.1000
2489,830,33,1,2921.60,0.2000
2490,830,21,20,1522.80,0.1500
2491,830,13,3,1559.25,0.0000
2492,830,44,4,3752.50,0.0000
2493,831,29,2,1231.20,0.2500
2494,831,14,3,391.50,0.0500
2495,831,46,5,621.00,0.0000
2496,832,32,5,108.68,0.1000
2497,833,42,1,76.02,0.0000
2498,833,19,2,1470.00,0.0000
2499,834,41,5,2200.00,0.0000
2500,834,23,2,190.08,0.0000
2501,835,6,1,918.50,0.2000
2502,835,11,2,595.35,0.2000
2503,836,47,2,112.80,0.1500
2504,837,46,5,690.00,0.3000
2505,837,43,1,1230.25,0.1500
2506,837,37,3,914.85,0.3000
2507,838,6,1,835.00,0.0000
2508,838,28,4,3228.75,0.1500
2509,838,5,2,778.05,0.0000
2510,839,11,2,595.35,0.2000
2511,839,43,2,1230.25,0.1000
2512,839,45,1,1861.20,0.0000
2513,839,22,20,1017.50,0.0000
2514,840,7,2,134.40,0.3000
2515,840,16,10,70.56,0.2000
2516,840,36,20,4400.00,0.2000
2517,840,9,10,2464.00,0.1500
2518,841,47,1,107.16,0.1500
2519,841,4,20,2945.00,0.0000
2520,841,6,1,835.00,0.0500
2521,842,30,5,532.00,0.2500
2522,842,39,1,189.00,0.0000
2523,842,11,4,538.65,0.1000
2524,842,28,1,3228.75,0.0000
2525,842,16,5,73.92,0.2000
2526,843,47,3,107.16,0.0500
2527,843,11,5,595.35,0.3000
2528,843,28,1,3075.00,0.1500
2529,843,32,10,120.12,0.3000
2530,844,34,3,38.76,0.2500
2531,845,24,2,94.32,0.0000
2532,845,42,2,76.02,0.2500
2533,845,44,2,4345.00,0.0000
2534,846,6,1,793.25,0.2000
2535,846,34,20,42.84,0.2000
2536,847,5,2,900.90,0.2500
2537,847,27,5,800.80,0.2000
2538,847,39,5,199.50,0.2000
2539,847,36,5,4200.00,0.3000
2540,847,7,1,141.12,0.2000
2541,848,28,10,3228.75,0.0000
2542,848,22,1,832.50,0.1500
2543,848,20,3,2137.50,0.0500
2544,848,45,1,1776.60,0.0000
2545,849,2,2,79.20,0.0500
2546,849,3,1,798.00,0.0000
2547,849,1,5,2721.60,0.1500
2548,849,27,2,691.60,0.2500
2549,849,10,10,45.36,0.0000
2550,850,24,5,115.28,0.0000
2551,850,44,1,3555.00,0.3000
2552,851,10,20,43.20,0.1000
2553,851,35,5,1409.10,0.0500
2554,852,33,1,2921.60,0.0000
2555,852,6,1,793.25,0.2500
2556,853,35,1,1152.90,0.1000
2557,853,32,20,102.96,0.0000
2558,853,4,1,3100.00,0.2500
2559,853,33,2,2921.60,0.1000
2560,853,5,10,737.10,0.3000
2561,854,12,1,2992.50,0.2000
2562,854,46,2,690.00,0.2000
2563,854,33,3,2921.60,0.3000
2564,854,3,5,877.80,0.0500
2565,854,16,1,67.20,0.2000
2566,855,38,3,693.50,0.0000
2567,855,29,5,1231.20,0.0000
2568,855,30,4,560.00,0.1500
2569,855,24,4,104.80,0.0000
2570,856,45,5,1607.40,0.0000
2571,857,12,4,2850.00,0.1000
2572,858,18,20,61.60,0.1000
2573,858,14,1,478.50,0.2500
2574,858,46,2,759.00,0.0000
2575,859,29,2,1299.60,0.2500
2576,859,2,4,64.80,0.0000
2577,859,45,1,1522.80,0.0000
2578,860,17,2,2906.40,0.1000
2579,860,11,1,510.30,0.2000
2580,861,16,3,60.48,0.1000
2581,861,6,10,751.50,0.1500
2582,862,1,3,3024.00,0.2000
2583,862,33,2,2656.00,0.0000
2584,862,27,10,655.20,0.1000
2585,862,10,10,43.20,0.1500
2586,863,15,20,236.28,0.3000
2587,863,28,1,3075.00,0.2000
2588,863,10,1,45.36,0.2000
2589,863,35,10,1409.10,0.2500
2590,863,14,2,391.50,0.1000
2591,864,37,1,914.85,0.2500
2592,865,25,10,2620.80,0.2500
2593,865,14,10,413.25,0.3000
2594,865,42,2,68.78,0.1000
2595,865,10,10,38.88,0.0000
2596,865,30,1,560.00,0.1000
2597,866,33,3,2921.60,0.1500
2598,866,42,2,76.02,0.2000
2599,866,7,1,147.84,0.0500
2600,867,3,10,877.80,0.0000
2601,867,48,1,104.88,0.1000
2602,867,37,2,963.00,0.1500
2603,867,1,3,2721.60,0.1000
2604,867,6,3,918.50,0.1000
2605,868,38,2,657.00,0.1000
2606,868,17,20,2768.00,0.0500
2607,868,37,3,1011.15,0.0000
2608,868,18,10,50.40,0.0000
2609,868,41,20,1900.00,0.0500
2610,869,46,1,655.50,0.2000
2611,869,6,2,918.50,0.0000
2612,869,33,10,2788.80,0.3000
2613,869,41,1,1800.00,0.2500
2614,870,1,1,3024.00,0.2500
2615,871,11,2,595.35,0.2500
2616,871,46,20,759.00,0.0000
2617,871,7,1,120.96,0.2500
2618,872,14,4,413.25,0.3000
2619,872,36,2,3600.00,0.0000
2620,872,19,2,1260.00,0.2500
2621,872,45,20,1861.20,0.3000
2622,873,6,1,793.25,0.1500
2623,873,33,10,2523.20,0.0000
2624,873,36,5,3600.00,0.0000
2625,873,40,1,64.80,0.0000
2626,873,21,4,1522.80,0.0500
2627,874,16,20,63.84,0.0500
2628,874,11,20,595.35,0.1000
2629,874,32,2,108.68,0.2000
2630,874,4,1,2945.00,0.0000
2631,875,40,2,72.00,0.2000
2632,876,21,20,1776.60,0.0000
2633,876,22,10,971.25,0.0000
2634,876,26,4,52.06,0.0000
2635,877,21,20,1522.80,0.2000
2636,878,6,3,876.75,0.0000
2637,878,37,4,1059.30,0.0000
2638,879,15,1,225.54,0.0000
2639,880,5,20,859.95,0.2000
2640,880,47,2,112.80,0.1000
2641,880,43,1,1230.25,0.3000
2642,880,9,1,2240.00,0.0000
2643,881,5,2,900.90,0.0000
2644,881,21,5,1776.60,0.1000
2645,881,31,20,223.08,0.0000
2646,882,26,2,49.32,0.0000
2647,882,35,10,1409.10,0.0000
2648,882,24,1,99.56,0.0000
2649,882,39,3,199.50,0.3000
2650,882,21,4,1522.80,0.0000
2651,883,48,1,110.40,0.0000
2652,884,11,3,623.70,0.1500
2653,884,14,3,413.25,0.0000
2654,885,20,3,2493.75,0.3000
2655,885,46,1,724.50,0.0500
2656,886,12,2,3135.00,0.2000
2657,886,39,1,220.50,0.0000
2658,886,24,3,99.56,0.0000
2659,887,3,2,718.20,0.0000
2660,887,8,2,120.84,0.3000
2661,887,17,1,2906.40,0.1500
2662,887,18,4,56.00,0.0000
2663,887,29,1,1504.80,0.0000
2664,888,45,4,1522.80,0.2500
2665,889,12,2,2850.00,0.0000
2666,889,7,10,141.12,0.1000
2667,889,15,1,204.06,0.0000
2668,889,25,1,2496.00,0.2000
2669,890,21,5,1776.60,0.2000
2670,891,31,4,212.94,0.0000
2671,891,12,5,2707.50,0.3000
2672,891,20,10,2493.75,0.0000
2673,892,22,2,1017.50,0.0000
2674,893,37,1,914.85,0.3000
2675,894,33,2,2523.20,0.2500
2676,894,16,3,70.56,0.2000
2677,895,17,10,2629.60,0.3000
2678,895,18,20,50.40,0.0500
2679,895,41,2,2100.00,0.0000
2680,895,12,1,2992.50,0.2000
2681,896,4,2,3100.00,0.0500
2682,896,28,2,3228.75,0.1500
2683,897,31,1,202.80,0.2500
2684,898,42,5,72.40,0.0500
2685,899,12,2,2992.50,0.2000
2686,899,8,1,139.92,0.1000
2687,900,36,1,3800.00,0.2500
2688,901,38,4,803.00,0.2000
2689,901,28,1,3382.50,0.0000
2690,901,15,10,225.54,0.1000
2691,902,45,2,1522.80,0.1000
2692,902,16,20,63.84,0.0000
2693,903,9,10,2464.00,0.0000
2694,903,23,20,190.08,0.0000
2695,903,29,1,1299.60,0.0500
2696,903,12,4,3135.00,0.2500
2697,904,30,1,588.00,0.0000
2698,905,30,5,588.00,0.2000
2699,906,36,1,3800.00,0.0000
2700,906,19,10,1540.00,0.0000
2701,906,32,1,125.84,0.0500
2702,906,9,1,2016.00,0.0000
2703,906,7,3,147.84,0.3000
2704,907,8,1,139.92,0.0000
2705,907,26,4,54.80,0.0000
2706,907,30,4,588.00,0.3000
2707,907,18,1,53.20,0.2000
2708,908,29,20,1504.80,0.0000
2709,908,37,20,963.00,0.3000
2710,909,41,4,2100.00,0.2500
2711,910,36,2,3800.00,0.2500
2712,911,43,5,1424.50,0.0500
2713,911,10,1,43.20,0.0000
2714,912,24,1,110.04,0.0500
2715,912,23,2,190.08,0.0000
2716,912,29,5,1231.20,0.2000
2717,912,6,1,835.00,0.3000
2718,913,29,2,1436.40,0.2000
2719,913,47,2,118.44,0.2000
2720,913,40,4,64.80,0.3000
2721,914,19,2,1470.00,0.0000
2722,914,29,4,1504.80,0.2500
2723,914,10,1,41.04,0.1000
2724,914,1,20,3175.20,0.1500
2725,914,36,1,3800.00,0.0500
2726,915,42,3,65.16,0.2000
2727,915,28,10,2767.50,0.3000
2728,916,31,2,192.66,0.0000
2729,916,33,3,2523.20,0.0000
2730,916,7,10,147.84,0.0500
2731,916,45,20,1607.40,0.0000
2732,917,18,2,56.00,0.2500
2733,917,7,1,134.40,0.2000
2734,918,27,20,655.20,0.0000
2735,918,23,5,172.80,0.3000
2736,918,15,2,225.54,0.2000
2737,918,30,5,560.00,0.2500
2738,919,42,1,65.16,0.1500
2739,920,45,5,1861.20,0.2000
2740,920,9,1,2128.00,0.2500
2741,920,7,2,134.40,0.0000
2742,920,24,1,99.56,0.2000
2743,921,23,2,181.44,0.1500
2744,922,16,20,70.56,0.0500
2745,922,14,1,478.50,0.1500
2746,922,11,5,623.70,0.1500
2747,922,40,1,75.60,0.1500
2748,923,9,10,2352.00,0.2500
2749,924,20,2,2256.25,0.2000
2750,924,45,2,1861.20,0.0000
2751,924,8,2,114.48,0.2500
2752,924,7,1,127.68,0.1000
2753,924,27,2,655.20,0.2000
2754,925,38,20,766.50,0.1500
2755,925,25,4,2745.60,0.0500
2756,925,27,20,655.20,0.0000
2757,925,6,2,876.75,0.0000
2758,926,46,5,655.50,0.0000
2759,926,2,2,79.20,0.0000
2760,926,39,2,199.50,0.0000
2761,927,20,10,2256.25,0.2500
2762,927,13,1,1410.75,0.0000
2763,927,39,5,210.00,0.1500
2764,927,28,20,3075.00,0.0500
2765,928,46,1,621.00,0.0500
2766,928,15,4,193.32,0.0000
2767,929,24,1,110.04,0.1000
2768,929,20,1,2493.75,0.1500
2769,929,37,2,1011.15,0.3000
2770,929,23,10,164.16,0.0000
2771,929,12,4,2565.00,0.0000
2772,930,7,1,120.96,0.0000
2773,930,37,2,1059.30,0.0000
2774,931,21,2,1692.00,0.3000
2775,931,35,10,1345.05,0.0000
2776,931,15,1,204.06,0.2000
2777,932,28,1,3382.50,0.0000
2778,932,26,2,57.54,0.0000
2779,932,45,1,1776.60,0.1500
2780,932,7,1,147.84,0.0000
2781,932,43,1,1295.00,0.1000
2782,933,31,20,212.94,0.3000
2783,933,34,4,40.80,0.2000
2784,933,16,2,73.92,0.0000
2785,933,46,1,724.50,0.2000
2786,934,14,4,456.75,0.0500
2787,934,17,2,3044.80,0.2500
2788,935,13,2,1336.50,0.0000
2789,935,11,10,538.65,0.2500
2790,935,22,3,971.25,0.0000
2791,936,27,1,800.80,0.1500
2792,937,48,2,104.88,0.2500
2793,937,29,1,1504.80,0.0500
2794,937,3,3,798.00,0.0500
2795,937,21,4,1861.20,0.3000
2796,938,6,3,876.75,0.0000
2797,938,15,4,204.06,0.0000
2798,938,7,1,127.68,0.0000
2799,939,14,1,435.00,0.0500
2800,939,9,20,2240.00,0.3000
2801,939,36,1,4400.00,0.1000
2802,939,3,20,877.80,0.2500
2803,939,43,2,1165.50,0.3000
2804,940,28,4,3228.75,0.3000
2805,940,31,1,182.52,0.1000
2806,940,38,1,730.00,0.0000
2807,941,46,2,759.00,0.2500
2808,941,37,2,1011.15,0.3000
2809,941,35,2,1281.00,0.1000
2810,941,4,2,3255.00,0.1000
2811,941,27,1,728.00,0.0000
2812,942,47,5,101.52,0.0000
2813,942,15,1,236.28,0.0000
2814,942,23,10,181.44,0.1000
2815,942,4,2,2945.00,0.1500
2816,942,27,5,728.00,0.1500
2817,943,35,1,1345.05,0.0000
2818,943,27,10,728.00,0.1000
2819,943,39,10,220.50,0.0000
2820,943,32,4,120.12,0.2000
2821,944,31,5,192.66,0.0000
2822,944,2,4,79.20,0.0000
2823,944,11,2,510.30,0.2000
2824,944,26,2,52.06,0.0500
2825,944,6,10,918.50,0.0500
2826,945,15,3,193.32,0.2500
2827,945,46,4,690.00,0.1500
2828,946,23,1,181.44,0.2000
2829,946,28,1,2921.25,0.2500
2830,946,18,3,53.20,0.2500
2831,946,13,5,1559.25,0.0500
2832,946,35,4,1281.00,0.1500
2833,947,3,2,758.10,0.2000
2834,948,10,5,38.88,0.0500
2835,949,43,20,1295.00,0.3000
2836,949,41,20,2100.00,0.2500
2837,949,18,1,58.80,0.0000
2838,949,16,1,60.48,0.2500
2839,950,48,1,104.88,0.0500
2840,950,40,2,64.80,0.1000
2841,950,24,1,94.32,0.0000
2842,950,18,1,50.40,0.1000
2843,950,6,4,793.25,0.0500
2844,951,33,20,2523.20,0.0000
2845,951,23,2,172.80,0.2000
2846,951,7,2,134.40,0.0000
2847,951,17,20,2491.20,0.3000
2848,951,6,1,835.00,0.2500
2849,952,45,2,1692.00,0.1000
2850,952,26,4,57.54,0.0500
2851,952,18,1,53.20,0.2500
2852,953,12,5,2850.00,0.1500
2853,953,24,1,99.56,0.2000
2854,954,45,1,1692.00,0.3000
2855,955,47,4,124.08,0.2500
2856,956,42,10,76.02,0.0000
2857,956,45,5,1861.20,0.2000
2858,956,22,2,1017.50,0.2500
2859,957,15,3,204.06,0.1000
2860,958,22,20,832.50,0.0000
2861,958,16,2,63.84,0.0500
2862,958,33,10,2656.00,0.0500
2863,959,17,5,2906.40,0.0000
2864,959,34,3,36.72,0.3000
2865,959,27,5,800.80,0.1000
2866,959,11,1,623.70,0.0000
2867,960,22,20,925.00,0.2000
2868,960,24,5,104.80,0.0000
2869,960,38,1,766.50,0.0500
2870,961,23,10,172.80,0.0500
2871,961,26,5,60.28,0.2000
2872,962,45,1,1522.80,0.0000
2873,962,44,2,3752.50,0.0000
2874,962,5,1,859.95,0.3000
2875,962,19,1,1400.00,0.2500
2876,962,22,5,971.25,0.1000
2877,963,27,1,691.60,0.0000
2878,963,14,5,478.50,0.1500
2879,963,39,1,220.50,0.0000
2880,964,23,1,155.52,0.1500
2881,965,23,10,155.52,0.2000
2882,965,38,1,693.50,0.2000
2883,965,43,5,1295.00,0.1500
2884,965,4,1,3410.00,0.1000
2885,966,12,2,2992.50,0.2000
2886,966,5,2,859.95,0.3000
2887,966,15,1,204.06,0.3000
2888,967,32,2,114.40,0.1500
2889,968,34,1,36.72,0.0000
2890,968,11,2,510.30,0.0000
2891,968,14,1,413.25,0.2000
2892,968,23,20,181.44,0.2000
2893,968,40,1,64.80,0.1500
2894,969,25,1,2496.00,0.0000
2895,969,30,10,588.00,0.1000
2896,969,41,2,2100.00,0.0000
2897,969,36,1,4000.00,0.0500
2898,970,47,5,107.16,0.2000
2899,970,27,2,764.40,0.3000
2900,970,16,1,73.92,0.2000
2901,970,25,1,2745.60,0.0500
2902,970,21,3,1861.20,0.1000
2903,971,36,1,3800.00,0.0000
2904,971,37,2,914.85,0.2500
2905,971,4,1,3100.00,0.1000
2906,971,26,2,49.32,0.0000
2907,971,46,1,690.00,0.1500
2908,972,28,2,3382.50,0.0500
2909,972,47,1,101.52,0.1000
2910,972,22,1,1017.50,0.1000
2911,972,36,1,3600.00,0.0500
2912,972,23,4,190.08,0.1500
2913,973,3,4,877.80,0.2000
2914,973,7,1,127.68,0.0000
2915,973,45,20,1776.60,0.2500
2916,973,48,2,121.44,0.2000
2917,974,35,20,1345.05,0.2000
2918,974,40,4,72.00,0.0500
2919,975,2,4,68.40,0.0500
2920,975,18,1,50.40,0.2500
2921,975,33,2,2921.60,0.3000
2922,975,43,10,1424.50,0.2500
2923,975,17,2,3044.80,0.1000
2924,976,14,10,391.50,0.1500
2925,977,35,5,1409.10,0.0000
2926,977,44,2,4147.50,0.3000
2927,978,45,3,1861.20,0.0000
2928,978,25,1,2745.60,0.1500
2929,979,35,1,1409.10,0.1000
2930,979,9,10,2128.00,0.0000
2931,979,43,20,1165.50,0.0000
2932,979,19,10,1260.00,0.0000
2933,980,17,2,2629.60,0.0000
2934,980,26,3,60.28,0.0000
2935,980,19,1,1470.00,0.3000
2936,980,34,4,42.84,0.2000
2937,980,27,1,764.40,0.1000
2938,981,3,10,837.90,0.1000
2939,981,25,20,2246.40,0.1000
2940,982,45,2,1861.20,0.3000
2941,982,24,5,104.80,0.2000
2942,982,26,1,57.54,0.0500
2943,982,33,1,2523.20,0.0000
2944,982,39,20,189.00,0.0000
2945,983,11,5,567.00,0.2000
2946,983,14,2,456.75,0.0000
2947,983,7,1,147.84,0.1500
2948,983,17,20,2906.40,0.2500
2949,983,8,1,133.56,0.1500
2950,984,43,20,1359.75,0.2000
2951,984,11,20,567.00,0.1500
2952,984,23,1,181.44,0.0500
2953,984,9,2,2128.00,0.2500
2954,985,43,10,1165.50,0.0500
2955,985,27,2,691.60,0.0500
2956,985,9,1,2128.00,0.2500
2957,985,22,4,878.75,0.0000
2958,985,33,1,2523.20,0.2500
2959,986,40,1,72.00,0.0000
2960,987,12,5,2992.50,0.1000
2961,987,18,2,61.60,0.0000
2962,987,42,20,65.16,0.0000
2963,988,9,2,2464.00,0.0000
2964,988,26,1,60.28,0.1500
2965,988,11,3,510.30,0.0000
2966,989,8,1,139.92,0.0000
2967,989,23,20,155.52,0.0500
2968,990,38,20,693.50,0.1000
2969,990,35,2,1152.90,0.2500
2970,991,25,20,2246.40,0.0500
2971,991,16,4,63.84,0.0000
2972,991,19,4,1470.00,0.0500
2973,992,21,10,1776.60,0.0500
2974,993,33,1,2788.80,0.0000
2975,993,14,2,391.50,0.3000
2976,993,11,3,623.70,0.2000
2977,993,13,10,1559.25,0.2000
2978,993,26,20,52.06,0.1500
2979,994,21,1,1607.40,0.2000
2980,994,1,1,2721.60,0.0000
2981,994,48,4,110.40,0.0000
2982,994,3,1,718.20,0.2000
2983,994,12,3,2850.00,0.0000
2984,995,3,20,798.00,0.2500
2985,995,26,20,52.06,0.0000
2986,995,32,3,114.40,0.0500
2987,996,20,1,2137.50,0.2500
2988,996,36,3,4200.00,0.2000
2989,997,28,4,2767.50,0.2000
2990,997,38,4,730.00,0.1000
2991,998,21,4,1692.00,0.2500
2992,998,10,2,38.88,0.1000
2993,998,19,5,1540.00,0.0000
2994,998,37,20,1059.30,0.0500
2995,999,39,1,210.00,0.1000
2996,999,14,2,391.50,0.2000
2997,999,37,20,1059.30,0.0500
2998,1000,48,1,104.88,0.2000
2999,1000,10,1,43.20,0.1000
3000,1000,42,10,79.64,0.0000
