id,sku,name,category_id,list_price,cost_price,active
1,SKU-ELEC-01,Electronics Model 01,1,3024.00,1542.24,true
2,SKU-OFFICE-01,Office Supplies Model 01,2,72.00,51.12,true
3,SKU-FURN-01,Furniture Model 01,3,798.00,502.74,true
4,SKU-INDUST-01,Industrial Equipment Model 01,4,3100.00,1922.00,true
5,SKU-NETWORK-01,Networking Model 01,5,819.00,491.40,true
6,SKU-STORAGE-01,Storage Model 01,6,835.00,467.60,true
7,SKU-SAFETY-01,Safety Model 01,7,134.40,80.64,true
8,SKU-ACCESS-01,Accessories Model 01,8,127.20,81.40,true
9,SKU-ELEC-02,Electronics Model 02,1,2240.00,1187.20,true
10,SKU-OFFICE-02,Office Supplies Model 02,2,43.20,24.19,true
11,SKU-FURN-02,Furniture Model 02,3,567.00,362.88,true
12,SKU-INDUST-02,Industrial Equipment Model 02,4,2850.00,1881.00,true
13,SKU-NETWORK-02,Networking Model 02,5,1485.00,1039.50,true
14,SKU-STORAGE-02,Storage Model 02,6,435.00,230.55,true
15,SKU-SAFETY-02,Safety Model 02,7,214.80,115.99,true
16,SKU-ACCESS-02,Accessories Model 02,8,67.20,36.28,true
17,SKU-ELEC-03,Electronics Model 03,1,2768.00,1688.48,true
18,SKU-OFFICE-03,Office Supplies Model 03,2,56.00,38.08,true
19,SKU-FURN-03,Furniture Model 03,3,1400.00,700.00,true
20,SKU-INDUST-03,Industrial Equipment Model 03,4,2375.00,1686.25,true
21,SKU-NETWORK-03,Networking Model 03,5,1692.00,1082.88,true
22,SKU-STORAGE-03,Storage Model 03,6,925.00,684.50,true
23,SKU-SAFETY-03,Safety Model 03,7,172.80,108.86,true
24,SKU-ACCESS-03,Accessories Model 03,8,104.80,53.44,true
25,SKU-ELEC-04,Electronics Model 04,1,2496.00,1597.44,true
26,SKU-OFFICE-04,Office Supplies Model 04,2,54.80,35.07,true
27,SKU-FURN-04,Furniture Model 04,3,728.00,451.36,true
28,SKU-INDUST-04,Industrial Equipment Model 04,4,3075.00,1906.50,true
29,SKU-NETWORK-04,Networking Model 04,5,1368.00,971.28,true
30,SKU-STORAGE-04,Storage Model 04,6,560.00,358.40,true
31,SKU-SAFETY-04,Safety Model 04,7,202.80,127.76,true
32,SKU-ACCESS-04,Accessories Model 04,8,114.40,73.21,true
33,SKU-ELEC-05,Electronics Model 05,1,2656.00,1779.52,true
34,SKU-OFFICE-05,Office Supplies Model 05,2,40.80,21.62,true
35,SKU-FURN-05,Furniture Model 05,3,1281.00,922.32,true
36,SKU-INDUST-05,Industrial Equipment Model 05,4,4000.00,2720.00,true
37,SKU-NETWORK-05,Networking Model 05,5,963.00,635.58,true
38,SKU-STORAGE-05,Storage Model 05,6,730.00,416.10,true
39,SKU-SAFETY-05,Safety Model 05,7,210.00,109.20,true
40,SKU-ACCESS-05,Accessories Model 05,8,72.00,41.76,true
41,SKU-ELEC-06,Electronics Model 06,1,2000.00,1480.00,true
42,SKU-OFFICE-06,Office Supplies Model 06,2,72.40,38.37,true
43,SKU-FURN-06,Furniture Model 06,3,1295.00,751.10,true
44,SKU-INDUST-06,Industrial Equipment Model 06,4,3950.00,2765.00,true
45,SKU-NETWORK-06,Networking Model 06,5,1692.00,1099.80,true
46,SKU-STORAGE-06,Storage Model 06,6,690.00,496.80,false
47,SKU-SAFETY-06,Safety Model 06,7,112.80,84.60,false
48,SKU-ACCESS-06,Accessories Model 06,8,110.40,77.28,false
49,SKU-ELEC-07,Electronics Model 07,1,1392.00,751.68,false
50,SKU-OFFICE-07,Office Supplies Model 07,2,72.80,53.14,false
